{
"DESCRIPTION" : {"SEQ":"고유번호","IMAGES":"시설 이미지(썸네일)","ST12":"휠체어 대여 여부","ST9":"시각장애인 편의서비스 여부","GU":"담당구","ST11":"안내 서비스 여부","ST10":"청각장애인 편의서비스 여부","SISULNAME":"시설명","TEL":"연락처","ST2":"장애인 전용 주차구역 여부","ST1":"주출입구 접근로 여부","HIT":"추천수","ST4":"장애인용 승강기 여부","ST3":"주출입구 높이차이 제거 여부","ST6":"장애인용 객실 이용가능 여부","ADDR":"주소","ST5":"장애인 화장실 여부","HOMEPAGE":"홈페이지","ST8":"장애인 매표소 여부","ST7":"장애인용 관람석 이용가능 여부", "THEME_CD":"테마코드"},
"DATA" : [
{"st9":"N","tel":"02-3143-7312","st7":"N","st8":"N","st5":"N","addr":"와우산로17길 19-18","st6":"N","st3":"N","st4":"N","homepage":"http://www.aadesigcduseum.com/","st1":"N","st2":"N","sisulname":"aA갤러리_aA디자인뮤지엄","st12":"N","hit":2,"st11":"N","st10":"N","seq":22,"gu":"마포구","images":"http://wis.seoul.go.kr/rest/file/thumbnail/kxizhon4ae0vcgmhiahfr32spjzs33a3/1","theme_cd":"02"},
{"st9":"Y","tel":"02-3457-1665","st7":"N","st8":"N","st5":"Y","addr":"테헤란로 440 포스코센터","st6":"N","st3":"N","st4":"Y","homepage":"http://www.poscoartmuseum.org/","st1":"Y","st2":"Y","sisulname":"포스코미술관","st12":"N","hit":0,"st11":"N","st10":"N","seq":98,"gu":"강남구","images":"http://wis.seoul.go.kr/rest/file/thumbnail/f18puuctwwr636tcvbwnktivmuqjomky/1","theme_cd":"02"},
{"st9":"N","tel":"02-500-7335","st7":"N","st8":"Y","st5":"Y","addr":"경기도 과천시 대공원광장로 102","st6":"N","st3":"Y","st4":"Y","homepage":"http://grandpark.seoul.go.kr/main.do","st1":"Y","st2":"Y","sisulname":"서울대공원","st12":"Y","hit":0,"st11":"Y","st10":"N","seq":19,"gu":"중구","images":"http://wis.seoul.go.kr/rest/file/thumbnail/7iccd2vve939j3lmf3v1di5vcdn0ax4x/1","theme_cd":"03"},
{"st9":"N","tel":"02-880-9504","st7":"N","st8":"N","st5":"Y","addr":"관악로 1","st6":"N","st3":"Y","st4":"Y","homepage":"http://www.snumoa.org/","st1":"Y","st2":"Y","sisulname":"서울대학교 미술관MOA","st12":"Y","hit":0,"st11":"N","st10":"N","seq":105,"gu":"관악구","images":"http://wis.seoul.go.kr/rest/file/thumbnail/9ifmzu0qgiqp0i99vy63sni68d77qpov/1","theme_cd":"02"},
{"st9":"N","tel":"02-900-0900","st7":"N","st8":"N","st5":"N","addr":"삼양로 574-41","st6":"N","st3":"N","st4":"N","homepage":"http://www.onggimuseum.org/","st1":"N","st2":"N","sisulname":"옹기민속박물관","st12":"N","hit":2,"st11":"N","st10":"N","seq":156,"gu":"도봉구","images":null,"theme_cd":"01"},
{"st9":"N","tel":"02-3144-6300","st7":"N","st8":"N","st5":"N","addr":"홍익로3길 20  서교프라자 B2","st6":"N","st3":"Y","st4":"Y","homepage":"http://trickeye.com/seoul/","st1":"Y","st2":"Y","sisulname":"트릭아이미술관","st12":"Y","hit":0,"st11":"N","st10":"N","seq":159,"gu":"마포구","images":null,"theme_cd":"02"},
{"st9":"N","tel":"02-709-3139","st7":"N","st8":"N","st5":"Y","addr":"이태원로 29","st6":"N","st3":"Y","st4":"Y","homepage":"http://www.warmemo.or.kr/","st1":"Y","st2":"Y","sisulname":"전쟁기념관","st12":"Y","hit":0,"st11":"N","st10":"N","seq":174,"gu":"용산구","images":null,"theme_cd":"01"},
{"st9":"N","tel":"02-733-4448","st7":"N","st8":"N","st5":"N","addr":"인사동10길 11-4","st6":"N","st3":"Y","st4":"N","homepage":"http://www.kyunginart.co.kr/","st1":"Y","st2":"Y","sisulname":"경인미술관","st12":"Y","hit":0,"st11":"N","st10":"N","seq":181,"gu":"종로구","images":"http://wis.seoul.go.kr/rest/file/thumbnail/f57gjaup98vfe0a28qkviwcpb8jhbyhv/1","theme_cd":"02"},
{"st9":"N","tel":"02-425-1077","st7":"N","st8":"N","st5":"Y","addr":"올림픽로 424","st6":"N","st3":"Y","st4":"Y","homepage":"http://soma.kspo.or.kr/","st1":"Y","st2":"Y","sisulname":"소마미술관","st12":"Y","hit":0,"st11":"N","st10":"N","seq":167,"gu":"송파구","images":null,"theme_cd":"02"},
{"st9":"N","tel":null,"st7":"N","st8":"N","st5":"N","addr":"문래동3가 예술 공단","st6":"N","st3":"N","st4":"N","homepage":null,"st1":"N","st2":"N","sisulname":"문래동 예술촌","st12":"N","hit":0,"st11":"N","st10":"N","seq":172,"gu":"영등포구","images":null,"theme_cd":"02"},
{"st9":"N","tel":"02-2014-6900","st7":"N","st8":"N","st5":"Y","addr":"이태원로55길 60-16","st6":"N","st3":"Y","st4":"Y","homepage":"http://leeum.samsungfoundation.org/","st1":"Y","st2":"Y","sisulname":"삼성미술관 리움","st12":"Y","hit":0,"st11":"N","st10":"N","seq":173,"gu":"용산구","images":null,"theme_cd":"02"},
{"st9":"N","tel":"02-742-6030","st7":"N","st8":"N","st5":"N","addr":"계동길 121-2","st6":"N","st3":"N","st4":"N","homepage":null,"st1":"N","st2":"N","sisulname":"디아갤러리","st12":"N","hit":0,"st11":"N","st10":"N","seq":179,"gu":"종로구","images":"http://wis.seoul.go.kr/rest/file/thumbnail/q8v848nhok40mrjrzl3r75eqb4ae3oct/1","theme_cd":"02"},
{"st9":"N","tel":"02-744-1545","st7":"N","st8":"N","st5":"N","addr":"북촌로12길 29-1","st6":"N","st3":"Y","st4":"N","homepage":"http://www.hansangsoo.com/","st1":"Y","st2":"Y","sisulname":"한상수자수박물관","st12":"Y","hit":0,"st11":"N","st10":"N","seq":183,"gu":"종로구","images":null,"theme_cd":"02"},
{"st9":"N","tel":"02-753-4075","st7":"N","st8":"N","st5":"N","addr":"퇴계로18길 66 제일문화원 1층","st6":"N","st3":"Y","st4":"N","homepage":"http://www.jculture.co.kr/museum","st1":"Y","st2":"Y","sisulname":"초전섬유퀼트박물관","st12":"Y","hit":0,"st11":"N","st10":"N","seq":196,"gu":"중구","images":null,"theme_cd":"02"},
{"st9":"Y","tel":"02-3425-6520","st7":"N","st8":"Y","st5":"Y","addr":"올림픽로 875 (암사동)","st6":"N","st3":"Y","st4":"N","homepage":"http://sunsa.gangdong.go.kr/main.jsp","st1":"Y","st2":"Y","sisulname":"암사동선사주거지","st12":"Y","hit":0,"st11":"Y","st10":"N","seq":29,"gu":"용산구","images":"http://wis.seoul.go.kr/rest/file/thumbnail/3u1i7211usn0y8bpjfb9kymb4e6q71yb/1","theme_cd":"01"},
{"st9":"Y","tel":"02-762-4868","st7":"N","st8":"Y","st5":"Y","addr":"창경궁로 185","st6":"N","st3":"Y","st4":"N","homepage":"http://cgg.cha.go.kr","st1":"Y","st2":"Y","sisulname":"창경궁","st12":"Y","hit":0,"st11":"Y","st10":"N","seq":9,"gu":"종로구","images":"http://wis.seoul.go.kr/rest/file/thumbnail/dw53fpibqnr2nrk448wdq49hazcitaqj/1","theme_cd":"01"},
{"st9":"N","tel":"02-2686-3200","st7":"N","st8":"N","st5":"Y","addr":"연동로 240","st6":"N","st3":"Y","st4":"N","homepage":"http://parks.seoul.go.kr/template/sub/pureun.do","st1":"Y","st2":"Y","sisulname":"푸른수목원","st12":"Y","hit":2,"st11":"Y","st10":"N","seq":3,"gu":"구로구","images":"http://wis.seoul.go.kr/rest/file/thumbnail/0pidlpvz6gdetgi87y4vhbg5n5ekszc4/1","theme_cd":"03"},
{"st9":"N","tel":"02-710-9134","st7":"N","st8":"N","st5":"Y","addr":"청파로47길 100 숙명여자대학교 내","st6":"N","st3":"Y","st4":"Y","homepage":"http://museum.sookmyung.ac.kr/","st1":"Y","st2":"Y","sisulname":"숙명여대 박물관","st12":"Y","hit":0,"st11":"N","st10":"N","seq":176,"gu":"용산구","images":null,"theme_cd":"01"},
{"st9":"N","tel":"02-3217-4222","st7":"N","st8":"N","st5":"N","addr":"성수일로12길 3동","st6":"N","st3":"N","st4":"N","homepage":"http://www.hellomuseum.com/","st1":"N","st2":"N","sisulname":"헬로우뮤지움","st12":"N","hit":0,"st11":"N","st10":"N","seq":149,"gu":"성동구","images":null,"theme_cd":"02"},
{"st9":"N","tel":"02-364-4686","st7":"N","st8":"Y","st5":"Y","addr":"통일로251","st6":"N","st3":"Y","st4":"Y","homepage":"http://parks.seoul.go.kr/parks/detailView.do?pIdx=30","st1":"Y","st2":"Y","sisulname":"독립공원","st12":"Y","hit":3,"st11":"Y","st10":"N","seq":14,"gu":"서대문구","images":"http://wis.seoul.go.kr/rest/file/thumbnail/pkn8ecm97bnvafpaez9n5l4zchyid05g/1","theme_cd":"03"},
{"st9":"N","tel":"02-300-5500","st7":"N","st8":"Y","st5":"Y","addr":"월드컵로 243-60","st6":"N","st3":"Y","st4":"Y","homepage":"http://parks.seoul.go.kr/template/sub/worldcuppark.do","st1":"Y","st2":"Y","sisulname":"월드컵공원","st12":"N","hit":0,"st11":"N","st10":"N","seq":4,"gu":"마포구","images":"http://wis.seoul.go.kr/rest/file/thumbnail/2r7g97rccyglzq7pxg4o5bahirlry8dg/1","theme_cd":"03"},
{"st9":"Y","tel":"02-450-9311","st7":"N","st8":"Y","st5":"Y","addr":"능동로 216","st6":"N","st3":"Y","st4":"Y","homepage":"http://www.sisul.or.kr/sub05","st1":"Y","st2":"Y","sisulname":"어린이대공원","st12":"Y","hit":0,"st11":"Y","st10":"N","seq":16,"gu":"광진구","images":"http://wis.seoul.go.kr/rest/file/thumbnail/a4jsf7ykzm90ou67padrn32npzu3cjta/1","theme_cd":"03"},
{"st9":"Y","tel":"02-762-8261","st7":"N","st8":"Y","st5":"Y","addr":"율곡로 99","st6":"N","st3":"N","st4":"N","homepage":"http://www.cdg.go.kr","st1":"Y","st2":"Y","sisulname":"창덕궁","st12":"Y","hit":1,"st11":"Y","st10":"Y","seq":8,"gu":"종로구","images":"http://wis.seoul.go.kr/rest/file/thumbnail/s57ngzx91luyvs4onv5mjmav7azpzasq/1","theme_cd":"01"},
{"st9":"N","tel":"02-2659-2206","st7":"N","st8":"Y","st5":"N","addr":"양천로47길 36","st6":"N","st3":"Y","st4":"Y","homepage":"http://gjjs.or.kr/","st1":"Y","st2":"Y","sisulname":"겸재정선미술관","st12":"Y","hit":0,"st11":"Y","st10":"N","seq":102,"gu":"강서구","images":"http://wis.seoul.go.kr/rest/file/thumbnail/3tqu8unfvd2szfhgwr8lekkjt87g5s41/1","theme_cd":"02"},
{"st9":"N","tel":"02-734-9467","st7":"N","st8":"N","st5":"N","addr":"삼청로7길 40","st6":"N","st3":"N","st4":"N","homepage":"http://www.pkmgallery.com/","st1":"N","st2":"N","sisulname":"PKM 갤러리","st12":"N","hit":0,"st11":"N","st10":"N","seq":151,"gu":"종로구","images":"http://wis.seoul.go.kr/rest/file/thumbnail/9hbndn4wp7us34qqov94ffbzfivit3la/1","theme_cd":"02"},
{"st9":"N","tel":"02-2152-5900","st7":"N","st8":"N","st5":"Y","addr":"올림픽로 424","st6":"N","st3":"Y","st4":"N","homepage":"http://baekjemuseum.seoul.go.kr/dreamvillage/","st1":"Y","st2":"Y","sisulname":"몽촌역사관","st12":"Y","hit":0,"st11":"N","st10":"N","seq":168,"gu":"송파구","images":null,"theme_cd":"01"},
{"st9":"N","tel":"02-2077-9000","st7":"N","st8":"N","st5":"Y","addr":"서빙고로 137","st6":"N","st3":"Y","st4":"Y","homepage":"http://www.museum.go.kr/","st1":"Y","st2":"Y","sisulname":"국립중앙박물관","st12":"Y","hit":0,"st11":"N","st10":"N","seq":175,"gu":"용산구","images":"http://wis.seoul.go.kr/rest/file/thumbnail/3wcotlitr9n1bunycg52ad01vxadu4mj/1","theme_cd":"01"},
{"st9":"N","tel":"02-799-3400","st7":"N","st8":"N","st5":"Y","addr":"임정로 26","st6":"N","st3":"Y","st4":"Y","homepage":"http://www.kimkoomuseum.org/","st1":"Y","st2":"Y","sisulname":"백범김구기념관","st12":"Y","hit":0,"st11":"N","st10":"N","seq":177,"gu":"용산구","images":null,"theme_cd":"01"},
{"st9":"Y","tel":"02-410-1114","st7":"N","st8":"Y","st5":"N","addr":"올림픽로 424","st6":"N","st3":"N","st4":"N","homepage":"http://www.olympicpark.co.kr/jsp/homepage/contents/history/mongchon_history.jsp","st1":"Y","st2":"Y","sisulname":"몽촌토성","st12":"Y","hit":0,"st11":"Y","st10":"N","seq":48,"gu":"송파구","images":"http://wis.seoul.go.kr/rest/file/thumbnail/eh41pitgubxj0uzapnpd9909q3qha24x/1","theme_cd":"01"},
{"st9":"N","tel":"02-2670-4020","st7":"N","st8":"Y","st5":"Y","addr":"국회대로 596 영등포구민회관","st6":"N","st3":"Y","st4":"Y","homepage":"http://arthall.ydp.go.kr/","st1":"Y","st2":"Y","sisulname":"영등포아트홀","st12":"N","hit":0,"st11":"Y","st10":"N","seq":140,"gu":"영등포구","images":"http://wis.seoul.go.kr/rest/file/thumbnail/3ynyixlkfqa3p5h5h1l8kbok00ojflrg/1","theme_cd":"02"},
{"st9":"N","tel":"02-995-0995","st7":"N","st8":"N","st5":"Y","addr":"덕릉로257","st6":"N","st3":"Y","st4":"N","homepage":null,"st1":"Y","st2":"Y","sisulname":"창동레지던시","st12":"Y","hit":0,"st11":"N","st10":"N","seq":155,"gu":"도봉구","images":null,"theme_cd":"02"},
{"st9":"N","tel":"02-724-0274","st7":"N","st8":"N","st5":"Y","addr":"새문안로 55","st6":"N","st3":"Y","st4":"Y","homepage":"http://www.museum.seoul.kr/www/intro/annexIntro/annex_20/annex_20_01.jsp?sso=ok","st1":"Y","st2":"Y","sisulname":"경희궁","st12":"Y","hit":3,"st11":"Y","st10":"N","seq":13,"gu":"종로구","images":"http://wis.seoul.go.kr/rest/file/thumbnail/ghr5fry9r342v9y34k6n7rkw0owzztup/1","theme_cd":"01"},
{"st9":"N","tel":"02-562-9611","st7":"N","st8":"N","st5":"N","addr":"봉은사로68길 19","st6":"N","st3":"Y","st4":"Y","homepage":"http://www.www.thinkthink.net/","st1":"Y","st2":"Y","sisulname":"씽크씽크미술관","st12":"Y","hit":0,"st11":"N","st10":"N","seq":150,"gu":"강남구","images":null,"theme_cd":"02"},
{"st9":"N","tel":"02-964-3190","st7":"N","st8":"N","st5":"N","addr":"경희대로 26 경희대학교 한의과대학","st6":"N","st3":"N","st4":"N","homepage":"http://museumkm.khu.ac.kr/","st1":"N","st2":"N","sisulname":"경희대학교 한의학역사박물관","st12":"N","hit":0,"st11":"N","st10":"N","seq":157,"gu":"동대문구","images":"http://wis.seoul.go.kr/rest/file/thumbnail/avd3i4w6rfe34nriy8240zbhoiylht87/1","theme_cd":"01"},
{"st9":"N","tel":"02-308-1071","st7":"N","st8":"N","st5":"N","addr":"하늘02로 108-1","st6":"N","st3":"Y","st4":"N","homepage":"http://semananji.seoul.go.kr/","st1":"Y","st2":"Y","sisulname":"난지미술창작스튜디오","st12":"Y","hit":0,"st11":"N","st10":"N","seq":158,"gu":"마포구","images":"http://wis.seoul.go.kr/rest/file/thumbnail/d3a94ffvu2ncrp4fsu7opozecozy4dbt/1","theme_cd":"02"},
{"st9":"N","tel":"02-2105-8190","st7":"N","st8":"N","st5":"Y","addr":"효령로72길 60 한전아트센터 내","st6":"N","st3":"Y","st4":"Y","homepage":"http://www.kepco.co.kr/museum","st1":"Y","st2":"Y","sisulname":"전기박물관","st12":"Y","hit":0,"st11":"N","st10":"N","seq":164,"gu":"서초구","images":null,"theme_cd":"02"},
{"st9":"N","tel":"02-410-1354","st7":"N","st8":"N","st5":"Y","addr":"올림픽로 448 올림픽회관 서울올림픽기념관","st6":"N","st3":"Y","st4":"Y","homepage":"http://88olympic.kspo.or.kr/","st1":"Y","st2":"Y","sisulname":"서울올림픽기념관","st12":"Y","hit":0,"st11":"N","st10":"N","seq":169,"gu":"송파구","images":null,"theme_cd":"02"},
{"st9":"N","tel":"02-720-8488","st7":"N","st8":"N","st5":"N","addr":"필운대로7길 12","st6":"N","st3":"Y","st4":"N","homepage":"http://www.gallerylux.net/","st1":"Y","st2":"Y","sisulname":"갤러리룩스","st12":"Y","hit":0,"st11":"N","st10":"N","seq":180,"gu":"종로구","images":"http://wis.seoul.go.kr/rest/file/thumbnail/vze1ovxfudz6zy4k61w6d5nyz9nfn4lk/1","theme_cd":"02"},
{"st9":"N","tel":"02-3789-1016","st7":"N","st8":"N","st5":"Y","addr":"소월로 91","st6":"N","st3":"Y","st4":"Y","homepage":"http://www.ahnjunggeun.or.kr/","st1":"Y","st2":"Y","sisulname":"안중근의사기념관","st12":"Y","hit":0,"st11":"N","st10":"N","seq":195,"gu":"중구","images":null,"theme_cd":"01"},
{"st9":"N","tel":"02-2279-7901","st7":"N","st8":"N","st5":"N","addr":"장충단로 166","st6":"N","st3":"Y","st4":"Y","homepage":"http://www.papermuseum.or.kr/","st1":"Y","st2":"Y","sisulname":"종이나라박물관","st12":"Y","hit":0,"st11":"N","st10":"N","seq":199,"gu":"중구","images":null,"theme_cd":"02"},
{"st9":"Y","tel":"02-460-2905","st7":"N","st8":"N","st5":"Y","addr":"뚝섬로 273","st6":"N","st3":"Y","st4":"Y","homepage":"http://parks.seoul.go.kr/template/sub/seoulforest.do","st1":"Y","st2":"Y","sisulname":"서울숲","st12":"Y","hit":1,"st11":"N","st10":"N","seq":17,"gu":"성동구","images":"http://wis.seoul.go.kr/rest/file/thumbnail/r1rusfi6w3ii768r32tgxc94cp4th8mp/1","theme_cd":"03"},
{"st9":"N","tel":"02-511-0668","st7":"N","st8":"N","st5":"N","addr":"언주로174길 13","st6":"N","st3":"Y","st4":"Y","homepage":"http://www.caisgallery.com/","st1":"Y","st2":"Y","sisulname":"카이스갤러리","st12":"Y","hit":0,"st11":"N","st10":"N","seq":152,"gu":"강남구","images":null,"theme_cd":"02"},
{"st9":"N","tel":"02-2049-4061","st7":"N","st8":"N","st5":"Y","addr":"능동로 238 (능동)","st6":"N","st3":"Y","st4":"Y","homepage":"http://safe119.seoul.go.kr/gwangnaru","st1":"Y","st2":"Y","sisulname":"서울시민 광나루안전체험관","st12":"Y","hit":0,"st11":"N","st10":"N","seq":154,"gu":"광진구","images":null,"theme_cd":"02"},
{"st9":"N","tel":"02-557-9932","st7":"N","st8":"N","st5":"Y","addr":"매헌로 99","st6":"N","st3":"Y","st4":"Y","homepage":"http://www.yunbonggil.or.kr","st1":"Y","st2":"Y","sisulname":"윤봉길 의사 기념관","st12":"Y","hit":0,"st11":"N","st10":"N","seq":165,"gu":"서초구","images":null,"theme_cd":"01"},
{"st9":"N","tel":"02-411-4761~5","st7":"N","st8":"N","st5":"Y","addr":"올림픽로 240","st6":"N","st3":"Y","st4":"Y","homepage":"http://www.lotteworld.com/museum/","st1":"Y","st2":"Y","sisulname":"롯데월드 민속박물관","st12":"Y","hit":0,"st11":"N","st10":"N","seq":166,"gu":"송파구","images":"http://wis.seoul.go.kr/rest/file/thumbnail/hju6p0tkbi27v33pifscrieua0sujefs/1","theme_cd":"01"},
{"st9":"N","tel":"02-745-1644","st7":"N","st8":"N","st5":"N","addr":"북촌로 31-14","st6":"N","st3":"Y","st4":"N","homepage":"http://www.oneandj.com/","st1":"Y","st2":"Y","sisulname":"One  (원앤제이) 갤러리","st12":"Y","hit":0,"st11":"N","st10":"N","seq":178,"gu":"종로구","images":null,"theme_cd":"02"},
{"st9":"N","tel":"02-722-5066","st7":"N","st8":"N","st5":"N","addr":"인사동11길 20","st6":"N","st3":"Y","st4":"N","homepage":"http://www.mokicduseum.com/","st1":"Y","st2":"Y","sisulname":"목인박물관","st12":"Y","hit":0,"st11":"N","st10":"N","seq":185,"gu":"종로구","images":"http://wis.seoul.go.kr/rest/file/thumbnail/yqc4lpv2uzrp0l8i4eahey2vy9jhwsou/1","theme_cd":"02"},
{"st9":"N","tel":"02-2124-8800","st7":"N","st8":"N","st5":"Y","addr":"덕수궁길 61(서소문동 37)","st6":"N","st3":"Y","st4":"Y","homepage":"http://sema.seoul.go.kr","st1":"Y","st2":"Y","sisulname":"서울시립미술관","st12":"Y","hit":1,"st11":"N","st10":"N","seq":191,"gu":"중구","images":null,"theme_cd":"02"},
{"st9":"N","tel":"02-759-4881","st7":"N","st8":"N","st5":"Y","addr":"남대문로 39","st6":"N","st3":"N","st4":"Y","homepage":"http://museum.bok.or.kr/","st1":"N","st2":"N","sisulname":"한국은행 본관 (화폐금융박물관)","st12":"Y","hit":0,"st11":"N","st10":"N","seq":194,"gu":"중구","images":null,"theme_cd":"02"},
{"st9":"N","tel":"02-3448-0100","st7":"N","st8":"N","st5":"N","addr":"영동대로 421, 삼탄 빌딩 (대치동)","st6":"N","st3":"N","st4":"Y","homepage":"http://www.songeunartspace.org","st1":"N","st2":"Y","sisulname":"송은갤러리","st12":"N","hit":1,"st11":"N","st10":"N","seq":99,"gu":"강남구","images":"http://wis.seoul.go.kr/rest/file/thumbnail/bt83g2oquae9vjjzovl5u75luj0lyecm/1","theme_cd":"02"},
{"st9":"N","tel":"02-575-3895","st7":"N","st8":"N","st5":"Y","addr":"매헌로 99","st6":"N","st3":"Y","st4":"Y","homepage":"http://parks.seoul.go.kr/template/sub/citizen.do","st1":"Y","st2":"Y","sisulname":"양재시민의숲","st12":"Y","hit":0,"st11":"N","st10":"N","seq":6,"gu":"서초구","images":"http://wis.seoul.go.kr/rest/file/thumbnail/iejjnu62uldbtk11qwfqqlowil8z8vs6/1","theme_cd":"03"},
{"st9":"N","tel":"02-3700-3900","st7":"N","st8":"Y","st5":"Y","addr":"사직로 161","st6":"N","st3":"Y","st4":"Y","homepage":"http://www.royalpalace.go.kr/","st1":"Y","st2":"Y","sisulname":"경복궁","st12":"Y","hit":11,"st11":"Y","st10":"N","seq":12,"gu":"종로구","images":"http://wis.seoul.go.kr/rest/file/thumbnail/m7fea63hr2yujbq8xj0c8y00siwqz807/1","theme_cd":"01"},
{"st9":"N","tel":"02-766-9090","st7":"N","st8":"Y","st5":"Y","addr":"삼일대로 464(운니동)","st6":"N","st3":"Y","st4":"N","homepage":"http://www.unhyeongung.or.kr/","st1":"Y","st2":"N","sisulname":"운현궁","st12":"Y","hit":3,"st11":"N","st10":"N","seq":7,"gu":"종로구","images":"http://wis.seoul.go.kr/rest/file/thumbnail/tji4tu7tm65da3u5ife3ipk9gxsuiolg/1","theme_cd":"01"},
{"st9":"Y","tel":"02-761-4078","st7":"N","st8":"N","st5":"Y","addr":"여의02로 68","st6":"N","st3":"Y","st4":"N","homepage":"http://parks.seoul.go.kr/template/sub/yeouido.do","st1":"Y","st2":"N","sisulname":"여의도공원","st12":"Y","hit":0,"st11":"Y","st10":"N","seq":1,"gu":"영등포구","images":"http://wis.seoul.go.kr/rest/file/thumbnail/2ms6zcrgixs0vckoqhwo4o7888f40d8u/1","theme_cd":"03"},
{"st9":"Y","tel":"02-2181-1183","st7":"N","st8":"N","st5":"Y","addr":"여의대방로 20길 33","st6":"N","st3":"Y","st4":"Y","homepage":"http://parks.seoul.go.kr/template/sub/boramae.do","st1":"Y","st2":"Y","sisulname":"보라매공원","st12":"Y","hit":1,"st11":"Y","st10":"N","seq":5,"gu":"동작구","images":"http://wis.seoul.go.kr/rest/file/thumbnail/l8uoy4rn1ml0e8vu4vb66qouxyep83z2/1","theme_cd":"03"},
{"st9":"N","tel":"02-598-6247","st7":"N","st8":"N","st5":"Y","addr":"남부순환로 2076","st6":"N","st3":"N","st4":"N","homepage":"http://sema.seoul.go.kr/it/artinfo/southart/getIntro","st1":"Y","st2":"N","sisulname":"서울시립 남서울 미술관","st12":"N","hit":0,"st11":"N","st10":"N","seq":106,"gu":"관악구","images":"http://wis.seoul.go.kr/rest/file/thumbnail/rfe475e86jz6rjkmmufxqdfw9ubyicwu/1","theme_cd":"02"},
{"st9":"N","tel":"02-2133-1371","st7":"N","st8":"N","st5":"N","addr":"계동길 37","st6":"N","st3":"Y","st4":"N","homepage":"http://bukchon.seoul.go.kr/","st1":"Y","st2":"Y","sisulname":"북촌문화센터","st12":"Y","hit":0,"st11":"N","st10":"N","seq":186,"gu":"종로구","images":null,"theme_cd":"02"},
{"st9":"N","tel":"02-2022-0600","st7":"N","st8":"N","st5":"Y","addr":"세종대로 99 국립현대미술관 덕수궁관","st6":"N","st3":"Y","st4":"N","homepage":"http://www.mmca.go.kr/","st1":"Y","st2":"Y","sisulname":"덕수궁미술관","st12":"Y","hit":0,"st11":"N","st10":"N","seq":192,"gu":"중구","images":"http://wis.seoul.go.kr/rest/file/thumbnail/x7s8nhvhqnkvrc98wv5lagztm1op5dn6/1","theme_cd":"02"},
{"st9":"N","tel":"02-2148-1844","st7":"N","st8":"N","st5":"N","addr":"종로 288","st6":"N","st3":"N","st4":"N","homepage":"http://korean.visitseoul.net/attractions/흥인지문동대문_/1999","st1":"Y","st2":"N","sisulname":"흥인지문","st12":"N","hit":0,"st11":"N","st10":"N","seq":70,"gu":"종로구","images":"http://wis.seoul.go.kr/rest/file/thumbnail/j8sj8x6vfat435z4u60j0nx0vlihkwci/1","theme_cd":"01"},
{"st9":"N","tel":"02-542-5543","st7":"N","st8":"N","st5":"N","addr":"압구정로12길 18","st6":"N","st3":"Y","st4":"Y","homepage":"http://www.galleryyeh.com/","st1":"Y","st2":"Y","sisulname":"예화랑","st12":"Y","hit":0,"st11":"N","st10":"N","seq":147,"gu":"강남구","images":null,"theme_cd":"02"},
{"st9":"N","tel":"02-2631-9368","st7":"N","st8":"N","st5":"Y","addr":"선유로 343","st6":"N","st3":"Y","st4":"N","homepage":"http://parks.seoul.go.kr/template/sub/seonyudo.do","st1":"Y","st2":"Y","sisulname":"선유도공원","st12":"Y","hit":0,"st11":"Y","st10":"N","seq":2,"gu":"영등포구","images":"http://wis.seoul.go.kr/rest/file/thumbnail/5cir9dsg1wnzzs479nffyipz656qp7pd/1","theme_cd":"03"},
{"st9":"N","tel":"02-2289-4001","st7":"N","st8":"N","st5":"Y","addr":"월계로 173","st6":"N","st3":"Y","st4":"Y","homepage":"http://parks.seoul.go.kr/template/sub/dreamforest.do","st1":"Y","st2":"Y","sisulname":"북서울꿈의숲","st12":"Y","hit":0,"st11":"Y","st10":"N","seq":10,"gu":"강북구","images":"http://wis.seoul.go.kr/rest/file/thumbnail/n537himv8fzljyn4n383m904dwrqsu89/1","theme_cd":"03"},
{"st9":"N","tel":"02-541-3523","st7":"N","st8":"Y","st5":"Y","addr":"도산대로 317","st6":"N","st3":"Y","st4":"Y","homepage":"http://horimmuseum.org/sinsa/","st1":"Y","st2":"Y","sisulname":"호림박물관(신사분관)","st12":"Y","hit":0,"st11":"Y","st10":"N","seq":96,"gu":"강남구","images":"http://wis.seoul.go.kr/rest/file/thumbnail/edr7yu34rcr1m4bss6iw7xqs979tqpcg/1","theme_cd":"02"},
{"st9":"N","tel":"02-580-1300","st7":"N","st8":"N","st5":"Y","addr":"남부순환로 2406","st6":"N","st3":"Y","st4":"Y","homepage":"http://www.sac.or.kr/","st1":"Y","st2":"Y","sisulname":"예술의 전당 한가람미술관","st12":"Y","hit":1,"st11":"N","st10":"N","seq":162,"gu":"서초구","images":null,"theme_cd":"02"},
{"st9":"N","tel":"02-394-6544","st7":"N","st8":"N","st5":"N","addr":"비봉길 2-2","st6":"N","st3":"Y","st4":"N","homepage":"http://ssmop.org/","st1":"Y","st2":"Y","sisulname":"삼성출판박물관","st12":"Y","hit":0,"st11":"N","st10":"N","seq":188,"gu":"종로구","images":null,"theme_cd":"02"},
{"st9":"N","tel":null,"st7":"N","st8":"N","st5":"N","addr":"청계천로 86","st6":"N","st3":"N","st4":"N","homepage":null,"st1":"N","st2":"N","sisulname":"청계천 베를린광장","st12":"N","hit":0,"st11":"N","st10":"N","seq":190,"gu":"중구","images":"http://wis.seoul.go.kr/rest/file/thumbnail/9j2hcisg20ito445g2874jv92gc0i00m/1","theme_cd":"03"},
{"st9":"N","tel":"02-319-5578","st7":"N","st8":"N","st5":"N","addr":"서소문로11길 19 배재정동빌딩 동관","st6":"N","st3":"Y","st4":"N","homepage":"http://appenzeller.pcu.ac.kr/","st1":"Y","st2":"Y","sisulname":"배재학당역사박물관","st12":"Y","hit":0,"st11":"N","st10":"N","seq":200,"gu":"중구","images":null,"theme_cd":"01"},
{"st9":"N","tel":"02-2232-8833","st7":"N","st8":"N","st5":"Y","addr":"마장로 87 신당지하쇼핑센터(중앙시장 내)","st6":"N","st3":"Y","st4":"N","homepage":"http://cafe.naver.com/sdarcade/","st1":"Y","st2":"Y","sisulname":"신당창작아케이드","st12":"Y","hit":0,"st11":"N","st10":"N","seq":193,"gu":"중구","images":null,"theme_cd":"02"},
{"st9":"N","tel":"02-434-4371","st7":"N","st8":"N","st5":"Y","addr":"망우로 87길 110","st6":"N","st3":"Y","st4":"Y","homepage":"http://parks.seoul.go.kr/template/sub/JungnangCampGround.do","st1":"Y","st2":"Y","sisulname":"중랑캠핑숲","st12":"Y","hit":0,"st11":"N","st10":"N","seq":18,"gu":"중랑구","images":"http://wis.seoul.go.kr/rest/file/thumbnail/cty2cdbiqxbpyyodzjmx1bw2xbdnsg5p/1","theme_cd":"03"},
{"st9":"Y","tel":"02-771-9951","st7":"N","st8":"Y","st5":"Y","addr":"세종대로 99","st6":"N","st3":"Y","st4":"N","homepage":"http://www.deoksugung.go.kr","st1":"Y","st2":"N","sisulname":"덕수궁","st12":"Y","hit":5,"st11":"Y","st10":"Y","seq":15,"gu":"중구","images":"http://wis.seoul.go.kr/rest/file/thumbnail/prgywf7kh8kskkihtrf5lb1d6m7xzav9/1","theme_cd":"01"},
{"st9":"N","tel":"02-3144-2038","st7":"N","st8":"N","st5":"N","addr":"동교로 15길10","st6":"N","st3":"Y","st4":"N","homepage":"http://www.cha.go.kr/korea/heritage/search/Culresult_Db_View.jsp?mc=NS_04_03_01&VdkVgwKey=79,04130000,11&flag=Y","st1":"Y","st2":"Y","sisulname":"최규하 대통령가옥","st12":"Y","hit":0,"st11":"N","st10":"N","seq":160,"gu":"마포구","images":null,"theme_cd":"01"},
{"st9":"N","tel":"02-360-8584","st7":"N","st8":"N","st5":"Y","addr":"현저동 101","st6":"N","st3":"Y","st4":"N","homepage":"http://www.sscmc.or.kr/newhistory/index_culture.asp","st1":"Y","st2":"Y","sisulname":"서대문형무소역사관","st12":"Y","hit":1,"st11":"N","st10":"N","seq":161,"gu":"서대문구","images":null,"theme_cd":"01"},
{"st9":"N","tel":"02-741-0466","st7":"N","st8":"N","st5":"N","addr":"북촌로 12길 17","st6":"N","st3":"Y","st4":"N","homepage":"http://www.gahoemuseum.org/","st1":"Y","st2":"Y","sisulname":"가회박물관","st12":"Y","hit":0,"st11":"N","st10":"N","seq":182,"gu":"종로구","images":"http://wis.seoul.go.kr/rest/file/thumbnail/bqvqiicz8z43cnzixn8yfardrxu9blzj/1","theme_cd":"01"},
{"st9":"N","tel":"02-364-1936","st7":"N","st8":"N","st5":"Y","addr":"손기정로 101 손기정체육02 內","st6":"N","st3":"Y","st4":"Y","homepage":"http://www.sonkeechung.com/","st1":"Y","st2":"Y","sisulname":"손기정기념관","st12":"Y","hit":0,"st11":"N","st10":"N","seq":198,"gu":"중구","images":null,"theme_cd":"01"},
{"st9":"N","tel":"02-730-9924","st7":"N","st8":"N","st5":"N","addr":"창의문로 118","st6":"N","st3":"N","st4":"N","homepage":"http://korean.visitseoul.net/attractions/창의문_/3266","st1":"N","st2":"N","sisulname":"창의문","st12":"N","hit":1,"st11":"N","st10":"N","seq":71,"gu":"종로구","images":"http://wis.seoul.go.kr/rest/file/thumbnail/fjj3j62evkkuc8fh7n5g5a4gjp2ff2ge/1","theme_cd":"01"},
{"st9":"N","tel":"02-3673-2778","st7":"N","st8":"N","st5":"N","addr":"북촌로12길 10","st6":"N","st3":"Y","st4":"N","homepage":"http://www.shimyoungmi.com/","st1":"Y","st2":"Y","sisulname":"동림매듭박물관","st12":"Y","hit":1,"st11":"N","st10":"N","seq":184,"gu":"종로구","images":"http://wis.seoul.go.kr/rest/file/thumbnail/s4a2yfi0rj5jsqrm3gxc235c9oeg1cl2/1","theme_cd":"02"},
{"st9":"N","tel":"02-3672-2005","st7":"N","st8":"N","st5":"Y","addr":"돈화문로 9길 27","st6":"N","st3":"Y","st4":"Y","homepage":"http://www.cwdmuseum.com/","st1":"Y","st2":"Y","sisulname":"춘원당 한방박물관","st12":"Y","hit":0,"st11":"N","st10":"N","seq":189,"gu":"종로구","images":null,"theme_cd":"02"},
{"st9":"N","tel":"02-996-0419","st7":"N","st8":"N","st5":"Y","addr":"4.19로8길 17","st6":"N","st3":"Y","st4":"Y","homepage":"http://419.mpva.go.kr/","st1":"Y","st2":"Y","sisulname":"국립4.19민주묘지","st12":"Y","hit":0,"st11":"Y","st10":"N","seq":26,"gu":"강북구","images":"http://wis.seoul.go.kr/rest/file/thumbnail/ryjurr8wvgl39bfns3qdkp22lqrdsp22/1","theme_cd":"01"},
{"st9":"N","tel":"02-3396-5880","st7":"N","st8":"N","st5":"N","addr":"소공로 106","st6":"N","st3":"N","st4":"N","homepage":"http://korean.visitseoul.net/attractions/%20%20%20%20%20%20_/4198","st1":"N","st2":"N","sisulname":"환구단","st12":"N","hit":0,"st11":"N","st10":"N","seq":81,"gu":"중구","images":"http://wis.seoul.go.kr/rest/file/thumbnail/yavzyeijl8i04l4xawovxuskn09e8cph/1","theme_cd":"01"}
]
}