{
"DESCRIPTION" : {"STATION_NM":"전철역명","STATION_CD":"전철역코드","LINE_NUM":"호선","FR_CODE":"외부코드","STATION_NM_ENG":"전철명명(영문)"},
"DATA" : [
{"line_num":"3호선","station_cd":"0321","station_nm_eng":"Chungmuro","station_nm":"충무로","fr_code":"331"},
{"line_num":"4호선","station_cd":"0417","station_nm_eng":"Gireum","station_nm":"길음","fr_code":"417"},
{"line_num":"4호선","station_cd":"0418","station_nm_eng":"Sungshin Women`s Univ.","station_nm":"성신여대입구","fr_code":"418"},
{"line_num":"4호선","station_cd":"0419","station_nm_eng":"Hansung Univ.","station_nm":"한성대입구","fr_code":"419"},
{"line_num":"4호선","station_cd":"0420","station_nm_eng":"Hyehwa","station_nm":"혜화","fr_code":"420"},
{"line_num":"4호선","station_cd":"0421","station_nm_eng":"Dongdaemun","station_nm":"동대문","fr_code":"421"},
{"line_num":"4호선","station_cd":"0422","station_nm_eng":"Dongdaemun History  Culture Park","station_nm":"동대문역사문화공원","fr_code":"422"},
{"line_num":"4호선","station_cd":"0423","station_nm_eng":"Chungmuro","station_nm":"충무로","fr_code":"423"},
{"line_num":"4호선","station_cd":"0424","station_nm_eng":"Myeong-dong","station_nm":"명동","fr_code":"424"},
{"line_num":"4호선","station_cd":"0425","station_nm_eng":"Hoehyeon","station_nm":"회현","fr_code":"425"},
{"line_num":"4호선","station_cd":"0426","station_nm_eng":"Seoul Station","station_nm":"서울","fr_code":"426"},
{"line_num":"4호선","station_cd":"0427","station_nm_eng":"Sookmyung Women`s Univ.","station_nm":"숙대입구","fr_code":"427"},
{"line_num":"4호선","station_cd":"0428","station_nm_eng":"Samgakji","station_nm":"삼각지","fr_code":"428"},
{"line_num":"4호선","station_cd":"0429","station_nm_eng":"Sinyongsan","station_nm":"신용산","fr_code":"429"},
{"line_num":"4호선","station_cd":"0431","station_nm_eng":"Dongjak","station_nm":"동작","fr_code":"431"},
{"line_num":"4호선","station_cd":"0432","station_nm_eng":"Chongshin Univ.","station_nm":"총신대입구","fr_code":"432"},
{"line_num":"4호선","station_cd":"0433","station_nm_eng":"Sadang","station_nm":"사당","fr_code":"433"},
{"line_num":"4호선","station_cd":"0434","station_nm_eng":"Namtaeryeong","station_nm":"남태령","fr_code":"434"},
{"line_num":"1호선","station_cd":"1002","station_nm_eng":"Namyeong","station_nm":"남영","fr_code":"134"},
{"line_num":"1호선","station_cd":"1003","station_nm_eng":"Yongsan","station_nm":"용산","fr_code":"135"},
{"line_num":"1호선","station_cd":"1004","station_nm_eng":"Noryangjin","station_nm":"노량진","fr_code":"136"},
{"line_num":"1호선","station_cd":"1005","station_nm_eng":"Daebang","station_nm":"대방","fr_code":"137"},
{"line_num":"1호선","station_cd":"1006","station_nm_eng":"Yeongdeungpo","station_nm":"영등포","fr_code":"139"},
{"line_num":"1호선","station_cd":"1007","station_nm_eng":"Sindorim","station_nm":"신도림","fr_code":"140"},
{"line_num":"경의선","station_cd":"1008","station_nm_eng":"Ichon","station_nm":"이촌","fr_code":"K111"},
{"line_num":"경의선","station_cd":"1009","station_nm_eng":"Seobinggo","station_nm":"서빙고","fr_code":"K112"},
{"line_num":"경의선","station_cd":"1010","station_nm_eng":"Hannam","station_nm":"한남","fr_code":"K113"},
{"line_num":"경의선","station_cd":"1011","station_nm_eng":"Oksu","station_nm":"옥수","fr_code":"K114"},
{"line_num":"경의선","station_cd":"1013","station_nm_eng":"Wangsimni","station_nm":"왕십리","fr_code":"K116"},
{"line_num":"1호선","station_cd":"1015","station_nm_eng":"Hoegi","station_nm":"회기","fr_code":"123"},
{"line_num":"1호선","station_cd":"1016","station_nm_eng":"Hankuk Univ. of Foreign Studies","station_nm":"외대앞","fr_code":"122"},
{"line_num":"1호선","station_cd":"1018","station_nm_eng":"Seokgye","station_nm":"석계","fr_code":"120"},
{"line_num":"1호선","station_cd":"1019","station_nm_eng":"Kwangwoon Univ.","station_nm":"광운대","fr_code":"119"},
{"line_num":"1호선","station_cd":"1022","station_nm_eng":"Chang-dong","station_nm":"창동","fr_code":"116"},
{"line_num":"분당선","station_cd":"1023","station_nm_eng":"Seolleung","station_nm":"선릉","fr_code":"K215"},
{"line_num":"2호선","station_cd":"0239","station_nm_eng":"Hongik Univ.","station_nm":"홍대입구","fr_code":"239"},
{"line_num":"2호선","station_cd":"0250","station_nm_eng":"Yongdu","station_nm":"용두","fr_code":"211-3"},
{"line_num":"4호선","station_cd":"0411","station_nm_eng":"Nowon","station_nm":"노원","fr_code":"411"},
{"line_num":"4호선","station_cd":"0415","station_nm_eng":"Mia","station_nm":"미아","fr_code":"415"},
{"line_num":"분당선","station_cd":"1024","station_nm_eng":"Hanti","station_nm":"한티","fr_code":"k216"},
{"line_num":"분당선","station_cd":"1025","station_nm_eng":"Dogok","station_nm":"도곡","fr_code":"K217"},
{"line_num":"분당선","station_cd":"1026","station_nm_eng":"Guryong","station_nm":"구룡","fr_code":"k218"},
{"line_num":"분당선","station_cd":"1027","station_nm_eng":"Gaepo-dong","station_nm":"개포동","fr_code":"k219"},
{"line_num":"분당선","station_cd":"1028","station_nm_eng":"Daemosan","station_nm":"대모산입구","fr_code":"k220"},
{"line_num":"분당선","station_cd":"102C","station_nm_eng":"Wangsimni","station_nm":"왕십리","fr_code":"K210"},
{"line_num":"분당선","station_cd":"1030","station_nm_eng":"Suseo","station_nm":"수서","fr_code":"K221"},
{"line_num":"분당선","station_cd":"1031","station_nm_eng":"Bokjeong","station_nm":"복정","fr_code":"K222"},
{"line_num":"1호선","station_cd":"1032","station_nm_eng":"Singil","station_nm":"신길","fr_code":"138"},
{"line_num":"경의선","station_cd":"1201","station_nm_eng":"Jungnang","station_nm":"중랑","fr_code":"K119"},
{"line_num":"경의선","station_cd":"1202","station_nm_eng":"Sangbong","station_nm":"상봉","fr_code":"K120"},
{"line_num":"경의선","station_cd":"1203","station_nm_eng":"Mangu","station_nm":"망우","fr_code":"K121"},
{"line_num":"경의선","station_cd":"1204","station_nm_eng":"Yangwon","station_nm":"양원","fr_code":"K122"},
{"line_num":"경의선","station_cd":"1205","station_nm_eng":"Guri","station_nm":"구리","fr_code":"K123"},
{"line_num":"경의선","station_cd":"1206","station_nm_eng":"Donong","station_nm":"도농","fr_code":"K124"},
{"line_num":"경의선","station_cd":"1207","station_nm_eng":"Yangjeong","station_nm":"양정","fr_code":"K125"},
{"line_num":"경의선","station_cd":"1209","station_nm_eng":"Dosim","station_nm":"도심","fr_code":"K127"},
{"line_num":"경의선","station_cd":"1210","station_nm_eng":"Paldang","station_nm":"팔당","fr_code":"K128"},
{"line_num":"경의선","station_cd":"1211","station_nm_eng":"Ungilsan","station_nm":"운길산","fr_code":"K129"},
{"line_num":"경의선","station_cd":"1212","station_nm_eng":"Yangsu","station_nm":"양수","fr_code":"K130"},
{"line_num":"경의선","station_cd":"1213","station_nm_eng":"Sinwon","station_nm":"신원","fr_code":"K131"},
{"line_num":"경의선","station_cd":"1214","station_nm_eng":"Guksu","station_nm":"국수","fr_code":"K132"},
{"line_num":"경의선","station_cd":"1215","station_nm_eng":"Asin","station_nm":"아신","fr_code":"K133"},
{"line_num":"경의선","station_cd":"1216","station_nm_eng":"Obin","station_nm":"오빈","fr_code":"K134"},
{"line_num":"경의선","station_cd":"1217","station_nm_eng":"Yangpyeong","station_nm":"양평","fr_code":"K135"},
{"line_num":"경의선","station_cd":"1218","station_nm_eng":"Wondeok","station_nm":"원덕","fr_code":"K136"},
{"line_num":"경의선","station_cd":"1219","station_nm_eng":"Yongmun","station_nm":"용문","fr_code":"K137"},
{"line_num":"경의선","station_cd":"1220","station_nm_eng":"Jipyeong","station_nm":"지평","fr_code":"K138"},
{"line_num":"경의선","station_cd":"1251","station_nm_eng":"Seoul Station","station_nm":"서울","fr_code":"P313"},
{"line_num":"경의선","station_cd":"1252","station_nm_eng":"Sinchon","station_nm":"신촌(경의중앙선)","fr_code":"P312"},
{"line_num":"경의선","station_cd":"1261","station_nm_eng":"Hyochang Park","station_nm":"효창공원앞","fr_code":"K826"},
{"line_num":"경의선","station_cd":"1262","station_nm_eng":"Gongdeok","station_nm":"공덕","fr_code":"K312"},
{"line_num":"2호선","station_cd":"0215","station_nm_eng":"Jamsillaru","station_nm":"잠실나루","fr_code":"215"},
{"line_num":"3호선","station_cd":"0314","station_nm_eng":"Hongje","station_nm":"홍제","fr_code":"324"},
{"line_num":"경의선","station_cd":"1264","station_nm_eng":"Hongik Univ.","station_nm":"홍대입구","fr_code":"K314"},
{"line_num":"경의선","station_cd":"1266","station_nm_eng":"Digital Media City","station_nm":"디지털미디어시티","fr_code":"K316"},
{"line_num":"경의선","station_cd":"1267","station_nm_eng":"Susaek","station_nm":"수색","fr_code":"K317"},
{"line_num":"경의선","station_cd":"1268","station_nm_eng":"Hwajeon","station_nm":"화전","fr_code":"K318"},
{"line_num":"경의선","station_cd":"1269","station_nm_eng":"Gangmae","station_nm":"강매","fr_code":"K319"},
{"line_num":"경의선","station_cd":"1270","station_nm_eng":"Haengsin","station_nm":"행신","fr_code":"K320"},
{"line_num":"경의선","station_cd":"1271","station_nm_eng":"Neunggok","station_nm":"능곡","fr_code":"K321"},
{"line_num":"경의선","station_cd":"1272","station_nm_eng":"Goksan","station_nm":"곡산","fr_code":"K323"},
{"line_num":"경의선","station_cd":"1273","station_nm_eng":"Baengma","station_nm":"백마","fr_code":"K324"},
{"line_num":"경의선","station_cd":"1274","station_nm_eng":"Pungsan","station_nm":"풍산","fr_code":"K325"},
{"line_num":"경의선","station_cd":"1275","station_nm_eng":"Ilsan","station_nm":"일산","fr_code":"K326"},
{"line_num":"경의선","station_cd":"1276","station_nm_eng":"Tanhyeon","station_nm":"탄현","fr_code":"K327"},
{"line_num":"경의선","station_cd":"1277","station_nm_eng":"Yadang","station_nm":"야당","fr_code":"K328"},
{"line_num":"경의선","station_cd":"1278","station_nm_eng":"Unjeong","station_nm":"운정","fr_code":"K329"},
{"line_num":"경의선","station_cd":"1279","station_nm_eng":"Geumneung","station_nm":"금릉","fr_code":"K330"},
{"line_num":"경의선","station_cd":"1280","station_nm_eng":"Geumchon","station_nm":"금촌","fr_code":"K331"},
{"line_num":"경의선","station_cd":"1282","station_nm_eng":"Wollong","station_nm":"월롱","fr_code":"K333"},
{"line_num":"경의선","station_cd":"1283","station_nm_eng":"Paju","station_nm":"파주","fr_code":"K334"},
{"line_num":"경의선","station_cd":"1284","station_nm_eng":"Munsan","station_nm":"문산","fr_code":"K335"},
{"line_num":"경춘선","station_cd":"1305","station_nm_eng":"Kwangwoon Univ.","station_nm":"광운대","fr_code":"P116"},
{"line_num":"경춘선","station_cd":"1306","station_nm_eng":"Cheongnyangni","station_nm":"청량리","fr_code":"P117"},
{"line_num":"경춘선","station_cd":"1308","station_nm_eng":"Jungnang","station_nm":"중랑","fr_code":"P119"},
{"line_num":"경춘선","station_cd":"1309","station_nm_eng":"Sangbong","station_nm":"상봉","fr_code":"P120"},
{"line_num":"경춘선","station_cd":"1310","station_nm_eng":"Mangu","station_nm":"망우","fr_code":"P121"},
{"line_num":"경춘선","station_cd":"1311","station_nm_eng":"Sinnae","station_nm":"신내","fr_code":"P122"},
{"line_num":"경춘선","station_cd":"1312","station_nm_eng":"Galmae","station_nm":"갈매","fr_code":"P123"},
{"line_num":"경춘선","station_cd":"1313","station_nm_eng":"Byeollae","station_nm":"별내","fr_code":"P124"},
{"line_num":"경춘선","station_cd":"1314","station_nm_eng":"Toegyewon","station_nm":"퇴계원","fr_code":"P125"},
{"line_num":"경춘선","station_cd":"1315","station_nm_eng":"Sareung","station_nm":"사릉","fr_code":"P126"},
{"line_num":"경춘선","station_cd":"1316","station_nm_eng":"Geumgok","station_nm":"금곡","fr_code":"P127"},
{"line_num":"경춘선","station_cd":"1317","station_nm_eng":"PyeongnaeHopyeong","station_nm":"평내호평","fr_code":"P128"},
{"line_num":"경춘선","station_cd":"1318","station_nm_eng":"Cheonmasan","station_nm":"천마산","fr_code":"P129"},
{"line_num":"경춘선","station_cd":"1319","station_nm_eng":"Maseok","station_nm":"마석","fr_code":"P130"},
{"line_num":"경춘선","station_cd":"1320","station_nm_eng":"Daeseong-ri","station_nm":"대성리","fr_code":"P131"},
{"line_num":"경춘선","station_cd":"1321","station_nm_eng":"Cheongpyeong","station_nm":"청평","fr_code":"P132"},
{"line_num":"경춘선","station_cd":"1322","station_nm_eng":"Sangcheon","station_nm":"상천","fr_code":"P133"},
{"line_num":"경춘선","station_cd":"1323","station_nm_eng":"Gapyeong","station_nm":"가평","fr_code":"P134"},
{"line_num":"경춘선","station_cd":"1326","station_nm_eng":"Gangchon","station_nm":"강촌","fr_code":"P137"},
{"line_num":"경춘선","station_cd":"1327","station_nm_eng":"Gimyujeong","station_nm":"김유정","fr_code":"P138"},
{"line_num":"경춘선","station_cd":"1328","station_nm_eng":"Namchuncheon","station_nm":"남춘천","fr_code":"P139"},
{"line_num":"경춘선","station_cd":"1329","station_nm_eng":"Chuncheon","station_nm":"춘천","fr_code":"P140"},
{"line_num":"1호선","station_cd":"1401","station_nm_eng":"Bongmyeong","station_nm":"봉명","fr_code":"P170"},
{"line_num":"1호선","station_cd":"1402","station_nm_eng":"Ssangyong","station_nm":"쌍용","fr_code":"P171"},
{"line_num":"1호선","station_cd":"1403","station_nm_eng":"Asan","station_nm":"아산","fr_code":"P172"},
{"line_num":"1호선","station_cd":"1405","station_nm_eng":"Baebang","station_nm":"배방","fr_code":"P174"},
{"line_num":"3호선","station_cd":"0309","station_nm_eng":"Jichuk","station_nm":"지축","fr_code":"319"},
{"line_num":"3호선","station_cd":"0334","station_nm_eng":"Dogok","station_nm":"도곡","fr_code":"344"},
{"line_num":"3호선","station_cd":"0342","station_nm_eng":"Ogeum","station_nm":"오금","fr_code":"352"},
{"line_num":"4호선","station_cd":"0416","station_nm_eng":"Miasamgeori","station_nm":"미아사거리","fr_code":"416"},
{"line_num":"1호선","station_cd":"1407","station_nm_eng":"Onyang oncheon","station_nm":"온양온천","fr_code":"P176"},
{"line_num":"1호선","station_cd":"1408","station_nm_eng":"Sinchang","station_nm":"신창","fr_code":"P177"},
{"line_num":"4호선","station_cd":"1450","station_nm_eng":"Seonbawi","station_nm":"선바위","fr_code":"435"},
{"line_num":"경강선","station_cd":"1507","station_nm_eng":"Sindundoyechon","station_nm":"신둔도예촌","fr_code":"K416"},
{"line_num":"경강선","station_cd":"1510","station_nm_eng":"Sejongdaewangneung","station_nm":"세종대왕릉","fr_code":"K419"},
{"line_num":"경강선","station_cd":"1511","station_nm_eng":"Yeoju","station_nm":"여주","fr_code":"K420"},
{"line_num":"1호선","station_cd":"1701","station_nm_eng":"Guro","station_nm":"구로","fr_code":"141"},
{"line_num":"1호선","station_cd":"1702","station_nm_eng":"Gasan Digital Complex","station_nm":"가산디지털단지","fr_code":"P142"},
{"line_num":"1호선","station_cd":"1703","station_nm_eng":"Geumcheon-Gu Office","station_nm":"금천구청","fr_code":"P144"},
{"line_num":"1호선","station_cd":"1705","station_nm_eng":"Gwanak","station_nm":"관악","fr_code":"P146"},
{"line_num":"1호선","station_cd":"1706","station_nm_eng":"Anyang","station_nm":"안양","fr_code":"P147"},
{"line_num":"1호선","station_cd":"1707","station_nm_eng":"Myeonghak","station_nm":"명학","fr_code":"P148"},
{"line_num":"1호선","station_cd":"1708","station_nm_eng":"Geumjeong","station_nm":"금정","fr_code":"P149"},
{"line_num":"1호선","station_cd":"1709","station_nm_eng":"Gunpo","station_nm":"군포","fr_code":"P150"},
{"line_num":"1호선","station_cd":"1710","station_nm_eng":"Uiwang","station_nm":"의왕","fr_code":"P152"},
{"line_num":"1호선","station_cd":"1711","station_nm_eng":"Sungkyunkwan Univ.","station_nm":"성균관대","fr_code":"P153"},
{"line_num":"1호선","station_cd":"1712","station_nm_eng":"Hwaseo","station_nm":"화서","fr_code":"P154"},
{"line_num":"1호선","station_cd":"1714","station_nm_eng":"Doksan","station_nm":"독산","fr_code":"P143"},
{"line_num":"1호선","station_cd":"1715","station_nm_eng":"Seryu","station_nm":"세류","fr_code":"P156"},
{"line_num":"1호선","station_cd":"1716","station_nm_eng":"Byeongjeom","station_nm":"병점","fr_code":"P157"},
{"line_num":"1호선","station_cd":"1717","station_nm_eng":"Sema","station_nm":"세마","fr_code":"P158"},
{"line_num":"1호선","station_cd":"1718","station_nm_eng":"Osan College","station_nm":"오산대","fr_code":"P159"},
{"line_num":"1호선","station_cd":"1719","station_nm_eng":"Osan","station_nm":"오산","fr_code":"P160"},
{"line_num":"1호선","station_cd":"1721","station_nm_eng":"Songtan","station_nm":"송탄","fr_code":"P162"},
{"line_num":"1호선","station_cd":"1722","station_nm_eng":"Seojeong-ri","station_nm":"서정리","fr_code":"P163"},
{"line_num":"1호선","station_cd":"1723","station_nm_eng":"Jije","station_nm":"지제","fr_code":"P164"},
{"line_num":"1호선","station_cd":"1724","station_nm_eng":"Pyeongtaek","station_nm":"평택","fr_code":"P165"},
{"line_num":"1호선","station_cd":"1725","station_nm_eng":"Seonghwan","station_nm":"성환","fr_code":"P166"},
{"line_num":"1호선","station_cd":"1726","station_nm_eng":"Jiksan","station_nm":"직산","fr_code":"P167"},
{"line_num":"1호선","station_cd":"1727","station_nm_eng":"Dujeong","station_nm":"두정","fr_code":"P168"},
{"line_num":"1호선","station_cd":"1728","station_nm_eng":"Cheonan","station_nm":"천안","fr_code":"P169"},
{"line_num":"1호선","station_cd":"1749","station_nm_eng":"Seodongtan","station_nm":"서동탄","fr_code":"P157-1"},
{"line_num":"2호선","station_cd":"0240","station_nm_eng":"Sinchon","station_nm":"신촌","fr_code":"240"},
{"line_num":"1호선","station_cd":"1750","station_nm_eng":"Gwangmyeong","station_nm":"광명","fr_code":"P144-1"},
{"line_num":"4호선","station_cd":"1751","station_nm_eng":"Sanbon","station_nm":"산본","fr_code":"444"},
{"line_num":"4호선","station_cd":"1752","station_nm_eng":"Daeyami","station_nm":"대야미","fr_code":"446"},
{"line_num":"4호선","station_cd":"1753","station_nm_eng":"Banwol","station_nm":"반월","fr_code":"447"},
{"line_num":"4호선","station_cd":"1754","station_nm_eng":"Sangnoksu","station_nm":"상록수","fr_code":"448"},
{"line_num":"4호선","station_cd":"1755","station_nm_eng":"Hanyang Univ. at Ansan","station_nm":"한대앞","fr_code":"449"},
{"line_num":"4호선","station_cd":"1756","station_nm_eng":"Jungang","station_nm":"중앙","fr_code":"450"},
{"line_num":"4호선","station_cd":"1757","station_nm_eng":"Gojan","station_nm":"고잔","fr_code":"451"},
{"line_num":"4호선","station_cd":"1758","station_nm_eng":"Choji","station_nm":"초지","fr_code":"452"},
{"line_num":"4호선","station_cd":"1759","station_nm_eng":"Ansan","station_nm":"안산","fr_code":"453"},
{"line_num":"4호선","station_cd":"1760","station_nm_eng":"Singil oncheon","station_nm":"신길온천","fr_code":"454"},
{"line_num":"4호선","station_cd":"1761","station_nm_eng":"Jeongwang","station_nm":"정왕","fr_code":"455"},
{"line_num":"4호선","station_cd":"1762","station_nm_eng":"Oido","station_nm":"오이도","fr_code":"456"},
{"line_num":"4호선","station_cd":"1763","station_nm_eng":"Surisan","station_nm":"수리산","fr_code":"445"},
{"line_num":"수인선","station_cd":"1800","station_nm_eng":"Oido","station_nm":"오이도","fr_code":"K250"},
{"line_num":"1호선","station_cd":"1801","station_nm_eng":"Gaebong","station_nm":"개봉","fr_code":"143"},
{"line_num":"1호선","station_cd":"1802","station_nm_eng":"Oryu-dong","station_nm":"오류동","fr_code":"144"},
{"line_num":"1호선","station_cd":"1803","station_nm_eng":"Yeokgok","station_nm":"역곡","fr_code":"146"},
{"line_num":"1호선","station_cd":"1804","station_nm_eng":"Bucheon","station_nm":"부천","fr_code":"148"},
{"line_num":"1호선","station_cd":"1805","station_nm_eng":"Songnae","station_nm":"송내","fr_code":"150"},
{"line_num":"1호선","station_cd":"1806","station_nm_eng":"Bupyeong","station_nm":"부평","fr_code":"152"},
{"line_num":"1호선","station_cd":"1807","station_nm_eng":"Baegun","station_nm":"백운","fr_code":"153"},
{"line_num":"1호선","station_cd":"1808","station_nm_eng":"Dongam","station_nm":"동암","fr_code":"154"},
{"line_num":"1호선","station_cd":"1809","station_nm_eng":"Juan","station_nm":"주안","fr_code":"156"},
{"line_num":"1호선","station_cd":"1810","station_nm_eng":"Jemulpo","station_nm":"제물포","fr_code":"158"},
{"line_num":"1호선","station_cd":"1811","station_nm_eng":"Dongincheon","station_nm":"동인천","fr_code":"160"},
{"line_num":"1호선","station_cd":"1812","station_nm_eng":"Incheon","station_nm":"인천","fr_code":"161"},
{"line_num":"1호선","station_cd":"1813","station_nm_eng":"Guil","station_nm":"구일","fr_code":"142"},
{"line_num":"1호선","station_cd":"1814","station_nm_eng":"Sosa","station_nm":"소사","fr_code":"147"},
{"line_num":"1호선","station_cd":"1815","station_nm_eng":"Bugae","station_nm":"부개","fr_code":"151"},
{"line_num":"1호선","station_cd":"1816","station_nm_eng":"Ganseok","station_nm":"간석","fr_code":"155"},
{"line_num":"1호선","station_cd":"1817","station_nm_eng":"Dowon","station_nm":"도원","fr_code":"159"},
{"line_num":"1호선","station_cd":"1821","station_nm_eng":"Onsu","station_nm":"온수","fr_code":"145"},
{"line_num":"1호선","station_cd":"1822","station_nm_eng":"Jung-dong","station_nm":"중동","fr_code":"149"},
{"line_num":"1호선","station_cd":"1823","station_nm_eng":"Dohwa","station_nm":"도화","fr_code":"157"},
{"line_num":"분당선","station_cd":"1845","station_nm_eng":"Cheongnyangni","station_nm":"청량리","fr_code":""},
{"line_num":"분당선","station_cd":"1847","station_nm_eng":"Seoul-forest","station_nm":"서울숲","fr_code":"K211"},
{"line_num":"분당선","station_cd":"1848","station_nm_eng":"Apgujeongrodeo","station_nm":"압구정로데오","fr_code":"K212"},
{"line_num":"분당선","station_cd":"1849","station_nm_eng":"Gangnam-gu Office","station_nm":"강남구청","fr_code":"K213"},
{"line_num":"3호선","station_cd":"0337","station_nm_eng":"Daecheong","station_nm":"대청","fr_code":"347"},
{"line_num":"분당선","station_cd":"1850","station_nm_eng":"Seonjeongneung","station_nm":"선정릉","fr_code":"K214"},
{"line_num":"분당선","station_cd":"1851","station_nm_eng":"Gachon Univ.","station_nm":"가천대","fr_code":"K223"},
{"line_num":"분당선","station_cd":"1852","station_nm_eng":"Taepyeong","station_nm":"태평","fr_code":"K224"},
{"line_num":"분당선","station_cd":"1853","station_nm_eng":"Moran","station_nm":"모란","fr_code":"K225"},
{"line_num":"분당선","station_cd":"1854","station_nm_eng":"Yatap","station_nm":"야탑","fr_code":"K226"},
{"line_num":"분당선","station_cd":"1855","station_nm_eng":"Seohyeon","station_nm":"서현","fr_code":"K228"},
{"line_num":"분당선","station_cd":"1856","station_nm_eng":"Sunae","station_nm":"수내","fr_code":"K229"},
{"line_num":"분당선","station_cd":"1857","station_nm_eng":"Jeongja","station_nm":"정자","fr_code":"K230"},
{"line_num":"분당선","station_cd":"1858","station_nm_eng":"Migeum","station_nm":"미금","fr_code":"K231"},
{"line_num":"분당선","station_cd":"1859","station_nm_eng":"Ori","station_nm":"오리","fr_code":"K232"},
{"line_num":"분당선","station_cd":"1860","station_nm_eng":"Imae","station_nm":"이매","fr_code":"K227"},
{"line_num":"분당선","station_cd":"1861","station_nm_eng":"Bojeong","station_nm":"보정","fr_code":"K234"},
{"line_num":"분당선","station_cd":"1863","station_nm_eng":"Guseong","station_nm":"구성","fr_code":"K235"},
{"line_num":"분당선","station_cd":"1864","station_nm_eng":"Singal","station_nm":"신갈","fr_code":"K236"},
{"line_num":"분당선","station_cd":"1865","station_nm_eng":"Giheung","station_nm":"기흥","fr_code":"K237"},
{"line_num":"분당선","station_cd":"1866","station_nm_eng":"Sanggal","station_nm":"상갈","fr_code":"K238"},
{"line_num":"분당선","station_cd":"1867","station_nm_eng":"Cheongmyeong","station_nm":"청명","fr_code":"K239"},
{"line_num":"분당선","station_cd":"1868","station_nm_eng":"Yeongtong","station_nm":"영통","fr_code":"K240"},
{"line_num":"분당선","station_cd":"1869","station_nm_eng":"Mangpo","station_nm":"망포","fr_code":"K241"},
{"line_num":"분당선","station_cd":"1870","station_nm_eng":"MaetanGwonseon","station_nm":"매탄권선","fr_code":"K242"},
{"line_num":"분당선","station_cd":"1871","station_nm_eng":"Suwon City Hall","station_nm":"수원시청","fr_code":"K243"},
{"line_num":"분당선","station_cd":"1872","station_nm_eng":"Maegyo","station_nm":"매교","fr_code":"K244"},
{"line_num":"수인선","station_cd":"1878","station_nm_eng":"Dalwol","station_nm":"달월","fr_code":"K251"},
{"line_num":"수인선","station_cd":"1879","station_nm_eng":"Wolgot","station_nm":"월곶","fr_code":"K252"},
{"line_num":"수인선","station_cd":"1880","station_nm_eng":"Soraepogu","station_nm":"소래포구","fr_code":"K253"},
{"line_num":"수인선","station_cd":"1881","station_nm_eng":"Incheon Nonhyeon","station_nm":"인천논현","fr_code":"K254"},
{"line_num":"수인선","station_cd":"1882","station_nm_eng":"Hogupo","station_nm":"호구포","fr_code":"K255"},
{"line_num":"수인선","station_cd":"1883","station_nm_eng":"Namdong Induspark","station_nm":"남동인더스파크","fr_code":"K256"},
{"line_num":"수인선","station_cd":"1884","station_nm_eng":"Woninjae","station_nm":"원인재","fr_code":"K257"},
{"line_num":"수인선","station_cd":"1885","station_nm_eng":"Yeonsu","station_nm":"연수","fr_code":"K258"},
{"line_num":"수인선","station_cd":"1886","station_nm_eng":"Songdo","station_nm":"송도","fr_code":"K259"},
{"line_num":"수인선","station_cd":"1888","station_nm_eng":"Inha Univ.","station_nm":"인하대","fr_code":"K261"},
{"line_num":"수인선","station_cd":"1889","station_nm_eng":"Sungui","station_nm":"숭의","fr_code":"K262"},
{"line_num":"수인선","station_cd":"1890","station_nm_eng":"Sinpo","station_nm":"신포","fr_code":"K263"},
{"line_num":"수인선","station_cd":"1891","station_nm_eng":"Incheon","station_nm":"인천","fr_code":"K264"},
{"line_num":"1호선","station_cd":"1901","station_nm_eng":"Banghak","station_nm":"방학","fr_code":"115"},
{"line_num":"1호선","station_cd":"1902","station_nm_eng":"Dobong","station_nm":"도봉","fr_code":"114"},
{"line_num":"1호선","station_cd":"1903","station_nm_eng":"Dobongsan","station_nm":"도봉산","fr_code":"113"},
{"line_num":"1호선","station_cd":"1904","station_nm_eng":"Mangwolsa","station_nm":"망월사","fr_code":"112"},
{"line_num":"1호선","station_cd":"1905","station_nm_eng":"Hoeryong","station_nm":"회룡","fr_code":"111"},
{"line_num":"1호선","station_cd":"1906","station_nm_eng":"Uijeongbu","station_nm":"의정부","fr_code":"110"},
{"line_num":"2호선","station_cd":"0216","station_nm_eng":"Jamsil","station_nm":"잠실","fr_code":"216"},
{"line_num":"3호선","station_cd":"0329","station_nm_eng":"Express Bus Terminal","station_nm":"고속터미널","fr_code":"339"},
{"line_num":"3호선","station_cd":"0338","station_nm_eng":"Irwon","station_nm":"일원","fr_code":"348"},
{"line_num":"4호선","station_cd":"0412","station_nm_eng":"Chang-dong","station_nm":"창동","fr_code":"412"},
{"line_num":"1호선","station_cd":"1907","station_nm_eng":"Ganeung","station_nm":"가능","fr_code":"109"},
{"line_num":"1호선","station_cd":"1908","station_nm_eng":"Nogyang","station_nm":"녹양","fr_code":"108"},
{"line_num":"1호선","station_cd":"1909","station_nm_eng":"Yangju","station_nm":"양주","fr_code":"107"},
{"line_num":"1호선","station_cd":"1910","station_nm_eng":"Deokgye","station_nm":"덕계","fr_code":"106"},
{"line_num":"1호선","station_cd":"1911","station_nm_eng":"Deokjeong","station_nm":"덕정","fr_code":"105"},
{"line_num":"1호선","station_cd":"1912","station_nm_eng":"Jihaeng","station_nm":"지행","fr_code":"104"},
{"line_num":"1호선","station_cd":"1913","station_nm_eng":"Dongducheon jungang","station_nm":"동두천중앙","fr_code":"103"},
{"line_num":"1호선","station_cd":"1915","station_nm_eng":"Dongducheon","station_nm":"동두천","fr_code":"101"},
{"line_num":"1호선","station_cd":"1916","station_nm_eng":"Soyosan","station_nm":"소요산","fr_code":"100"},
{"line_num":"3호선","station_cd":"1948","station_nm_eng":"Wonheung","station_nm":"원흥","fr_code":"317"},
{"line_num":"3호선","station_cd":"1950","station_nm_eng":"Samsong","station_nm":"삼송","fr_code":"318"},
{"line_num":"3호선","station_cd":"1952","station_nm_eng":"Hwajeong","station_nm":"화정","fr_code":"315"},
{"line_num":"3호선","station_cd":"1953","station_nm_eng":"Daegok","station_nm":"대곡","fr_code":"314"},
{"line_num":"3호선","station_cd":"1954","station_nm_eng":"Baekseok","station_nm":"백석","fr_code":"313"},
{"line_num":"3호선","station_cd":"1955","station_nm_eng":"Madu","station_nm":"마두","fr_code":"312"},
{"line_num":"3호선","station_cd":"1956","station_nm_eng":"Jeongbalsan","station_nm":"정발산","fr_code":"311"},
{"line_num":"3호선","station_cd":"1957","station_nm_eng":"Juyeop","station_nm":"주엽","fr_code":"310"},
{"line_num":"3호선","station_cd":"1958","station_nm_eng":"Daehwa","station_nm":"대화","fr_code":"309"},
{"line_num":"5호선","station_cd":"2511","station_nm_eng":"Banghwa","station_nm":"방화","fr_code":"510"},
{"line_num":"5호선","station_cd":"2512","station_nm_eng":"Gaehwasan","station_nm":"개화산","fr_code":"511"},
{"line_num":"5호선","station_cd":"2513","station_nm_eng":"Gimpo Intl. Airport","station_nm":"김포공항","fr_code":"512"},
{"line_num":"5호선","station_cd":"2514","station_nm_eng":"Songjeong","station_nm":"송정","fr_code":"513"},
{"line_num":"5호선","station_cd":"2515","station_nm_eng":"Magok","station_nm":"마곡","fr_code":"514"},
{"line_num":"5호선","station_cd":"2516","station_nm_eng":"Balsan","station_nm":"발산","fr_code":"515"},
{"line_num":"5호선","station_cd":"2517","station_nm_eng":"Ujangsan","station_nm":"우장산","fr_code":"516"},
{"line_num":"5호선","station_cd":"2519","station_nm_eng":"Kkachisan","station_nm":"까치산","fr_code":"518"},
{"line_num":"5호선","station_cd":"2520","station_nm_eng":"Sinjeong","station_nm":"신정","fr_code":"519"},
{"line_num":"5호선","station_cd":"2521","station_nm_eng":"Mok-dong","station_nm":"목동","fr_code":"520"},
{"line_num":"5호선","station_cd":"2522","station_nm_eng":"Omokgyo","station_nm":"오목교","fr_code":"521"},
{"line_num":"2호선","station_cd":"0245","station_nm_eng":"Sindap","station_nm":"신답","fr_code":"211-2"},
{"line_num":"3호선","station_cd":"0316","station_nm_eng":"Dongnimmun","station_nm":"독립문","fr_code":"326"},
{"line_num":"5호선","station_cd":"2523","station_nm_eng":"Yangpyeong","station_nm":"양평","fr_code":"522"},
{"line_num":"5호선","station_cd":"2524","station_nm_eng":"Yeongdeungpo-gu Office","station_nm":"영등포구청","fr_code":"523"},
{"line_num":"5호선","station_cd":"2525","station_nm_eng":"Yeongdeungpo Market","station_nm":"영등포시장","fr_code":"524"},
{"line_num":"5호선","station_cd":"2526","station_nm_eng":"Singil","station_nm":"신길","fr_code":"525"},
{"line_num":"5호선","station_cd":"2527","station_nm_eng":"Yeouido","station_nm":"여의도","fr_code":"526"},
{"line_num":"5호선","station_cd":"2528","station_nm_eng":"Yeouinaru","station_nm":"여의나루","fr_code":"527"},
{"line_num":"5호선","station_cd":"2529","station_nm_eng":"Mapo","station_nm":"마포","fr_code":"528"},
{"line_num":"5호선","station_cd":"2530","station_nm_eng":"Gongdeok","station_nm":"공덕","fr_code":"529"},
{"line_num":"5호선","station_cd":"2531","station_nm_eng":"Aeogae","station_nm":"애오개","fr_code":"530"},
{"line_num":"5호선","station_cd":"2532","station_nm_eng":"Chungjeongno","station_nm":"충정로","fr_code":"531"},
{"line_num":"5호선","station_cd":"2533","station_nm_eng":"Seodaemun","station_nm":"서대문","fr_code":"532"},
{"line_num":"5호선","station_cd":"2534","station_nm_eng":"Gwanghwamun","station_nm":"광화문","fr_code":"533"},
{"line_num":"5호선","station_cd":"2535","station_nm_eng":"Jongno 3(sam)-ga","station_nm":"종로3가","fr_code":"534"},
{"line_num":"5호선","station_cd":"2536","station_nm_eng":"Euljiro 4(sa)-ga","station_nm":"을지로4가","fr_code":"535"},
{"line_num":"5호선","station_cd":"2537","station_nm_eng":"Dongdaemun History  Culture Park","station_nm":"동대문역사문화공원","fr_code":"536"},
{"line_num":"5호선","station_cd":"2539","station_nm_eng":"Singeumho","station_nm":"신금호","fr_code":"538"},
{"line_num":"5호선","station_cd":"2541","station_nm_eng":"Wangsimni","station_nm":"왕십리","fr_code":"540"},
{"line_num":"5호선","station_cd":"2542","station_nm_eng":"Majang","station_nm":"마장","fr_code":"541"},
{"line_num":"5호선","station_cd":"2543","station_nm_eng":"Dapsimni","station_nm":"답십리","fr_code":"542"},
{"line_num":"5호선","station_cd":"2544","station_nm_eng":"Janghanpyeong","station_nm":"장한평","fr_code":"543"},
{"line_num":"5호선","station_cd":"2545","station_nm_eng":"Gunja","station_nm":"군자","fr_code":"544"},
{"line_num":"5호선","station_cd":"2546","station_nm_eng":"Achasan","station_nm":"아차산","fr_code":"545"},
{"line_num":"5호선","station_cd":"2547","station_nm_eng":"Gwangnaru","station_nm":"광나루","fr_code":"546"},
{"line_num":"5호선","station_cd":"2548","station_nm_eng":"Cheonho","station_nm":"천호","fr_code":"547"},
{"line_num":"5호선","station_cd":"2549","station_nm_eng":"Gangdong","station_nm":"강동","fr_code":"548"},
{"line_num":"5호선","station_cd":"2550","station_nm_eng":"Gil-dong","station_nm":"길동","fr_code":"549"},
{"line_num":"5호선","station_cd":"2551","station_nm_eng":"Gubeundari","station_nm":"굽은다리","fr_code":"550"},
{"line_num":"5호선","station_cd":"2552","station_nm_eng":"Myeongil","station_nm":"명일","fr_code":"551"},
{"line_num":"5호선","station_cd":"2553","station_nm_eng":"Godeok","station_nm":"고덕","fr_code":"552"},
{"line_num":"5호선","station_cd":"2554","station_nm_eng":"Sangil-dong","station_nm":"상일동","fr_code":"553"},
{"line_num":"3호선","station_cd":"0330","station_nm_eng":"Seoul Nat`l Univ. of Education","station_nm":"교대","fr_code":"340"},
{"line_num":"5호선","station_cd":"2555","station_nm_eng":"Dunchon-dong","station_nm":"둔촌동","fr_code":"P549"},
{"line_num":"5호선","station_cd":"2556","station_nm_eng":"Olympic Park","station_nm":"올림픽공원","fr_code":"P550"},
{"line_num":"5호선","station_cd":"2557","station_nm_eng":"Bangi","station_nm":"방이","fr_code":"P551"},
{"line_num":"5호선","station_cd":"2558","station_nm_eng":"Ogeum","station_nm":"오금","fr_code":"P552"},
{"line_num":"5호선","station_cd":"2559","station_nm_eng":"Gaerong","station_nm":"개롱","fr_code":"P553"},
{"line_num":"5호선","station_cd":"2560","station_nm_eng":"Geoyeo","station_nm":"거여","fr_code":"P554"},
{"line_num":"5호선","station_cd":"2561","station_nm_eng":"Macheon","station_nm":"마천","fr_code":"P555"},
{"line_num":"6호선","station_cd":"2611","station_nm_eng":"Eungam","station_nm":"응암","fr_code":"610"},
{"line_num":"6호선","station_cd":"2612","station_nm_eng":"Yeokchon","station_nm":"역촌","fr_code":"611"},
{"line_num":"6호선","station_cd":"2613","station_nm_eng":"Bulgwang","station_nm":"불광","fr_code":"612"},
{"line_num":"6호선","station_cd":"2614","station_nm_eng":"Dokbawi","station_nm":"독바위","fr_code":"613"},
{"line_num":"6호선","station_cd":"2615","station_nm_eng":"Yeonsinnae","station_nm":"연신내","fr_code":"614"},
{"line_num":"6호선","station_cd":"2616","station_nm_eng":"Gusan","station_nm":"구산","fr_code":"615"},
{"line_num":"6호선","station_cd":"2617","station_nm_eng":"Saejeol","station_nm":"새절","fr_code":"616"},
{"line_num":"6호선","station_cd":"2618","station_nm_eng":"Jeungsan","station_nm":"증산","fr_code":"617"},
{"line_num":"6호선","station_cd":"2619","station_nm_eng":"Digital Media City","station_nm":"디지털미디어시티","fr_code":"618"},
{"line_num":"6호선","station_cd":"2622","station_nm_eng":"Mangwon","station_nm":"망원","fr_code":"621"},
{"line_num":"6호선","station_cd":"2623","station_nm_eng":"Hapjeong","station_nm":"합정","fr_code":"622"},
{"line_num":"6호선","station_cd":"2624","station_nm_eng":"Sangsu","station_nm":"상수","fr_code":"623"},
{"line_num":"6호선","station_cd":"2625","station_nm_eng":"Gwangheungchang","station_nm":"광흥창","fr_code":"624"},
{"line_num":"6호선","station_cd":"2626","station_nm_eng":"Daeheung","station_nm":"대흥","fr_code":"625"},
{"line_num":"6호선","station_cd":"2627","station_nm_eng":"Gongdeok","station_nm":"공덕","fr_code":"626"},
{"line_num":"6호선","station_cd":"2628","station_nm_eng":"Hyochang park","station_nm":"효창공원앞","fr_code":"627"},
{"line_num":"6호선","station_cd":"2629","station_nm_eng":"Samgakji","station_nm":"삼각지","fr_code":"628"},
{"line_num":"6호선","station_cd":"2630","station_nm_eng":"Noksapyeong","station_nm":"녹사평","fr_code":"629"},
{"line_num":"6호선","station_cd":"2631","station_nm_eng":"Itaewon","station_nm":"이태원","fr_code":"630"},
{"line_num":"6호선","station_cd":"2632","station_nm_eng":"Hangangjin","station_nm":"한강진","fr_code":"631"},
{"line_num":"6호선","station_cd":"2633","station_nm_eng":"Beotigogae","station_nm":"버티고개","fr_code":"632"},
{"line_num":"6호선","station_cd":"2634","station_nm_eng":"Yaksu","station_nm":"약수","fr_code":"633"},
{"line_num":"6호선","station_cd":"2635","station_nm_eng":"Cheonggu","station_nm":"청구","fr_code":"634"},
{"line_num":"6호선","station_cd":"2636","station_nm_eng":"Sindang","station_nm":"신당","fr_code":"635"},
{"line_num":"6호선","station_cd":"2637","station_nm_eng":"Dongmyo","station_nm":"동묘앞","fr_code":"636"},
{"line_num":"6호선","station_cd":"2638","station_nm_eng":"Changsin","station_nm":"창신","fr_code":"637"},
{"line_num":"6호선","station_cd":"2639","station_nm_eng":"Bomun","station_nm":"보문","fr_code":"638"},
{"line_num":"6호선","station_cd":"2640","station_nm_eng":"Anam","station_nm":"안암","fr_code":"639"},
{"line_num":"6호선","station_cd":"2641","station_nm_eng":"Korea Univ.","station_nm":"고려대","fr_code":"640"},
{"line_num":"6호선","station_cd":"2642","station_nm_eng":"Wolgok","station_nm":"월곡","fr_code":"641"},
{"line_num":"6호선","station_cd":"2643","station_nm_eng":"Sangwolgok","station_nm":"상월곡","fr_code":"642"},
{"line_num":"6호선","station_cd":"2644","station_nm_eng":"Dolgoji","station_nm":"돌곶이","fr_code":"643"},
{"line_num":"6호선","station_cd":"2645","station_nm_eng":"Seokgye","station_nm":"석계","fr_code":"644"},
{"line_num":"6호선","station_cd":"2646","station_nm_eng":"Taereung","station_nm":"태릉입구","fr_code":"645"},
{"line_num":"6호선","station_cd":"2647","station_nm_eng":"Hwarangdae","station_nm":"화랑대","fr_code":"646"},
{"line_num":"7호선","station_cd":"2712","station_nm_eng":"Dobongsan","station_nm":"도봉산","fr_code":"710"},
{"line_num":"7호선","station_cd":"2713","station_nm_eng":"Suraksan","station_nm":"수락산","fr_code":"711"},
{"line_num":"7호선","station_cd":"2714","station_nm_eng":"Madeul","station_nm":"마들","fr_code":"712"},
{"line_num":"7호선","station_cd":"2716","station_nm_eng":"Junggye","station_nm":"중계","fr_code":"714"},
{"line_num":"7호선","station_cd":"2717","station_nm_eng":"Hagye","station_nm":"하계","fr_code":"715"},
{"line_num":"7호선","station_cd":"2718","station_nm_eng":"Gongneung","station_nm":"공릉","fr_code":"716"},
{"line_num":"7호선","station_cd":"2719","station_nm_eng":"Taereung","station_nm":"태릉입구","fr_code":"717"},
{"line_num":"7호선","station_cd":"2720","station_nm_eng":"Meokgol","station_nm":"먹골","fr_code":"718"},
{"line_num":"7호선","station_cd":"2721","station_nm_eng":"Junghwa","station_nm":"중화","fr_code":"719"},
{"line_num":"7호선","station_cd":"2723","station_nm_eng":"Myeonmok","station_nm":"면목","fr_code":"721"},
{"line_num":"7호선","station_cd":"2724","station_nm_eng":"Sagajeong","station_nm":"사가정","fr_code":"722"},
{"line_num":"7호선","station_cd":"2725","station_nm_eng":"Yongmasan","station_nm":"용마산","fr_code":"723"},
{"line_num":"7호선","station_cd":"2726","station_nm_eng":"Junggok","station_nm":"중곡","fr_code":"724"},
{"line_num":"7호선","station_cd":"2728","station_nm_eng":"Children`s  Grand Park","station_nm":"어린이대공원","fr_code":"726"},
{"line_num":"7호선","station_cd":"2729","station_nm_eng":"Konkuk Univ.","station_nm":"건대입구","fr_code":"727"},
{"line_num":"7호선","station_cd":"2730","station_nm_eng":"Ttukseom Park","station_nm":"뚝섬유원지","fr_code":"728"},
{"line_num":"7호선","station_cd":"2731","station_nm_eng":"Cheongdam","station_nm":"청담","fr_code":"729"},
{"line_num":"7호선","station_cd":"2732","station_nm_eng":"Gangnam-gu Office","station_nm":"강남구청","fr_code":"730"},
{"line_num":"7호선","station_cd":"2733","station_nm_eng":"Hak-dong","station_nm":"학동","fr_code":"731"},
{"line_num":"7호선","station_cd":"2734","station_nm_eng":"Nonhyeon","station_nm":"논현","fr_code":"732"},
{"line_num":"7호선","station_cd":"2736","station_nm_eng":"Express Bus Terminal","station_nm":"고속터미널","fr_code":"734"},
{"line_num":"7호선","station_cd":"2737","station_nm_eng":"Naebang","station_nm":"내방","fr_code":"735"},
{"line_num":"7호선","station_cd":"2738","station_nm_eng":"Isu","station_nm":"이수","fr_code":"736"},
{"line_num":"7호선","station_cd":"2739","station_nm_eng":"Namseong","station_nm":"남성","fr_code":"737"},
{"line_num":"7호선","station_cd":"2740","station_nm_eng":"Soongsil Univ.","station_nm":"숭실대입구","fr_code":"738"},
{"line_num":"2호선","station_cd":"0231","station_nm_eng":"Sindaebang","station_nm":"신대방","fr_code":"231"},
{"line_num":"7호선","station_cd":"2741","station_nm_eng":"Sangdo","station_nm":"상도","fr_code":"739"},
{"line_num":"7호선","station_cd":"2742","station_nm_eng":"Jangseungbaegi","station_nm":"장승배기","fr_code":"740"},
{"line_num":"7호선","station_cd":"2743","station_nm_eng":"Sindaebangsamgeori","station_nm":"신대방삼거리","fr_code":"741"},
{"line_num":"7호선","station_cd":"2744","station_nm_eng":"Boramae","station_nm":"보라매","fr_code":"742"},
{"line_num":"7호선","station_cd":"2745","station_nm_eng":"Sinpung","station_nm":"신풍","fr_code":"743"},
{"line_num":"7호선","station_cd":"2747","station_nm_eng":"Namguro","station_nm":"남구로","fr_code":"745"},
{"line_num":"7호선","station_cd":"2748","station_nm_eng":"Gasan Digital Complex","station_nm":"가산디지털단지","fr_code":"746"},
{"line_num":"7호선","station_cd":"2750","station_nm_eng":"Gwangmyeongsageori","station_nm":"광명사거리","fr_code":"748"},
{"line_num":"7호선","station_cd":"2751","station_nm_eng":"Cheonwang","station_nm":"천왕","fr_code":"749"},
{"line_num":"7호선","station_cd":"2759","station_nm_eng":"Samsan Gymnasium","station_nm":"삼산체육관","fr_code":"757"},
{"line_num":"7호선","station_cd":"2760","station_nm_eng":"Gulpocheon","station_nm":"굴포천","fr_code":"758"},
{"line_num":"7호선","station_cd":"2761","station_nm_eng":"Bupyeong-gu Office","station_nm":"부평구청","fr_code":"759"},
{"line_num":"8호선","station_cd":"2811","station_nm_eng":"Amsa","station_nm":"암사","fr_code":"810"},
{"line_num":"8호선","station_cd":"2812","station_nm_eng":"Cheonho","station_nm":"천호","fr_code":"811"},
{"line_num":"8호선","station_cd":"2813","station_nm_eng":"Gangdong-gu Office","station_nm":"강동구청","fr_code":"812"},
{"line_num":"8호선","station_cd":"2814","station_nm_eng":"Mongchontoseong","station_nm":"몽촌토성","fr_code":"813"},
{"line_num":"8호선","station_cd":"2815","station_nm_eng":"Jamsil","station_nm":"잠실","fr_code":"814"},
{"line_num":"8호선","station_cd":"2816","station_nm_eng":"Seokchon","station_nm":"석촌","fr_code":"815"},
{"line_num":"8호선","station_cd":"2817","station_nm_eng":"Songpa","station_nm":"송파","fr_code":"816"},
{"line_num":"8호선","station_cd":"2818","station_nm_eng":"Garak Market","station_nm":"가락시장","fr_code":"817"},
{"line_num":"8호선","station_cd":"2819","station_nm_eng":"Munjeong","station_nm":"문정","fr_code":"818"},
{"line_num":"8호선","station_cd":"2820","station_nm_eng":"Jangji","station_nm":"장지","fr_code":"819"},
{"line_num":"8호선","station_cd":"2821","station_nm_eng":"Bokjeong","station_nm":"복정","fr_code":"820"},
{"line_num":"8호선","station_cd":"2823","station_nm_eng":"Namhansanseong","station_nm":"남한산성입구","fr_code":"822"},
{"line_num":"8호선","station_cd":"2824","station_nm_eng":"Dandaeogeori","station_nm":"단대오거리","fr_code":"823"},
{"line_num":"8호선","station_cd":"2825","station_nm_eng":"Sinheung","station_nm":"신흥","fr_code":"824"},
{"line_num":"8호선","station_cd":"2826","station_nm_eng":"Sujin","station_nm":"수진","fr_code":"825"},
{"line_num":"8호선","station_cd":"2827","station_nm_eng":"Moran","station_nm":"모란","fr_code":"826"},
{"line_num":"인천선","station_cd":"3110","station_nm_eng":"Gyeyang","station_nm":"계양","fr_code":"I110"},
{"line_num":"인천선","station_cd":"3111","station_nm_eng":"Gyulhyeon","station_nm":"귤현","fr_code":"I111"},
{"line_num":"인천선","station_cd":"3112","station_nm_eng":"Bakchon","station_nm":"박촌","fr_code":"I112"},
{"line_num":"인천선","station_cd":"3113","station_nm_eng":"Imhak","station_nm":"임학","fr_code":"I113"},
{"line_num":"인천선","station_cd":"3114","station_nm_eng":"Gyesan","station_nm":"계산","fr_code":"I114"},
{"line_num":"인천선","station_cd":"3115","station_nm_eng":"Gyeong-in Nat`l Univ. of Education","station_nm":"경인교대입구","fr_code":"I115"},
{"line_num":"인천선","station_cd":"3116","station_nm_eng":"Jakjeon","station_nm":"작전","fr_code":"I116"},
{"line_num":"인천선","station_cd":"3117","station_nm_eng":"Galsan","station_nm":"갈산","fr_code":"I117"},
{"line_num":"인천선","station_cd":"3118","station_nm_eng":"Bupyeong-gu Office","station_nm":"부평구청","fr_code":"I118"},
{"line_num":"인천선","station_cd":"3119","station_nm_eng":"Bupyeong Market","station_nm":"부평시장","fr_code":"I119"},
{"line_num":"인천선","station_cd":"3120","station_nm_eng":"Bupyeong","station_nm":"부평","fr_code":"I120"},
{"line_num":"인천선","station_cd":"3121","station_nm_eng":"Dongsu","station_nm":"동수","fr_code":"I121"},
{"line_num":"인천선","station_cd":"3122","station_nm_eng":"Bupyeongsamgeori","station_nm":"부평삼거리","fr_code":"I122"},
{"line_num":"인천선","station_cd":"3123","station_nm_eng":"Ganseogogeori","station_nm":"간석오거리","fr_code":"I123"},
{"line_num":"인천선","station_cd":"3124","station_nm_eng":"Incheon City Hall","station_nm":"인천시청","fr_code":"I124"},
{"line_num":"인천선","station_cd":"3125","station_nm_eng":"Arts Center","station_nm":"예술회관","fr_code":"I125"},
{"line_num":"인천선","station_cd":"3126","station_nm_eng":"Incheon Bus Terminal","station_nm":"인천터미널","fr_code":"I126"},
{"line_num":"인천선","station_cd":"3127","station_nm_eng":"Munhak Sports Complex","station_nm":"문학경기장","fr_code":"I127"},
{"line_num":"인천선","station_cd":"3128","station_nm_eng":"Seonhak","station_nm":"선학","fr_code":"I128"},
{"line_num":"인천선","station_cd":"3129","station_nm_eng":"Sinyeonsu","station_nm":"신연수","fr_code":"I129"},
{"line_num":"인천선","station_cd":"3130","station_nm_eng":"Woninjae","station_nm":"원인재","fr_code":"I130"},
{"line_num":"인천선","station_cd":"3131","station_nm_eng":"Dongchun","station_nm":"동춘","fr_code":"I131"},
{"line_num":"인천선","station_cd":"3132","station_nm_eng":"Dongmak","station_nm":"동막","fr_code":"I132"},
{"line_num":"인천선","station_cd":"3133","station_nm_eng":"Campus Town","station_nm":"캠퍼스타운","fr_code":"I133"},
{"line_num":"인천선","station_cd":"3134","station_nm_eng":"Technopark","station_nm":"테크노파크","fr_code":"I134"},
{"line_num":"인천선","station_cd":"3135","station_nm_eng":"BIT Zone","station_nm":"지식정보단지","fr_code":"I135"},
{"line_num":"인천선","station_cd":"3136","station_nm_eng":"Incheon Nat'l Univ.","station_nm":"인천대입구","fr_code":"I136"},
{"line_num":"인천선","station_cd":"3137","station_nm_eng":"Central Park","station_nm":"센트럴파크","fr_code":"I137"},
{"line_num":"인천선","station_cd":"3138","station_nm_eng":"Intl. Business District","station_nm":"국제업무지구","fr_code":"I138"},
{"line_num":"인천2호선","station_cd":"3202","station_nm_eng":"Wanggil","station_nm":"왕길","fr_code":"I202"},
{"line_num":"인천2호선","station_cd":"3203","station_nm_eng":"Geomdan Sageori","station_nm":"검단사거리","fr_code":"I203"},
{"line_num":"인천2호선","station_cd":"3204","station_nm_eng":"Majeon","station_nm":"마전","fr_code":"I204"},
{"line_num":"인천2호선","station_cd":"3206","station_nm_eng":"Dokjeong","station_nm":"독정","fr_code":"I206"},
{"line_num":"인천2호선","station_cd":"3207","station_nm_eng":"Geomam","station_nm":"검암","fr_code":"I207"},
{"line_num":"인천2호선","station_cd":"3208","station_nm_eng":"Geombawi","station_nm":"검바위","fr_code":"I208"},
{"line_num":"인천2호선","station_cd":"3209","station_nm_eng":"Asiad Stadium","station_nm":"아시아드경기장","fr_code":"I209"},
{"line_num":"인천2호선","station_cd":"3210","station_nm_eng":"Seo-gu Office","station_nm":"서구청","fr_code":"I210"},
{"line_num":"인천2호선","station_cd":"3211","station_nm_eng":"Gajeong","station_nm":"가정","fr_code":"I211"},
{"line_num":"인천2호선","station_cd":"3213","station_nm_eng":"Seongnam","station_nm":"석남","fr_code":"I213"},
{"line_num":"인천2호선","station_cd":"3214","station_nm_eng":"West Woman's Community Center","station_nm":"서부여성회관","fr_code":"I214"},
{"line_num":"인천2호선","station_cd":"3218","station_nm_eng":"Juan","station_nm":"주안","fr_code":"I218"},
{"line_num":"인천2호선","station_cd":"3220","station_nm_eng":"Seokbawi Market","station_nm":"석바위시장","fr_code":"I220"},
{"line_num":"인천2호선","station_cd":"3222","station_nm_eng":"Seokcheon Sageori","station_nm":"석천사거리","fr_code":"I222"},
{"line_num":"인천2호선","station_cd":"3223","station_nm_eng":"Moraenae Market","station_nm":"모래내시장","fr_code":"I223"},
{"line_num":"인천2호선","station_cd":"3227","station_nm_eng":"Unyeon","station_nm":"운연","fr_code":"I227"},
{"line_num":"9호선","station_cd":"4101","station_nm_eng":"Gaehwa","station_nm":"개화","fr_code":"901"},
{"line_num":"2호선","station_cd":"0201","station_nm_eng":"City Hall","station_nm":"시청","fr_code":"201"},
{"line_num":"2호선","station_cd":"0202","station_nm_eng":"Euljiro 1(il)-ga","station_nm":"을지로입구","fr_code":"202"},
{"line_num":"2호선","station_cd":"0203","station_nm_eng":"Euljiro 3(sam)-ga","station_nm":"을지로3가","fr_code":"203"},
{"line_num":"2호선","station_cd":"0204","station_nm_eng":"Euljiro 4(sa)-ga","station_nm":"을지로4가","fr_code":"204"},
{"line_num":"2호선","station_cd":"0217","station_nm_eng":"Jamsilsaenae","station_nm":"잠실새내","fr_code":"217"},
{"line_num":"3호선","station_cd":"0326","station_nm_eng":"Apgujeong","station_nm":"압구정","fr_code":"336"},
{"line_num":"3호선","station_cd":"0339","station_nm_eng":"Suseo","station_nm":"수서","fr_code":"349"},
{"line_num":"4호선","station_cd":"0413","station_nm_eng":"Ssangmun","station_nm":"쌍문","fr_code":"413"},
{"line_num":"9호선","station_cd":"4102","station_nm_eng":"Gimpo Intl. Airport","station_nm":"김포공항","fr_code":"902"},
{"line_num":"9호선","station_cd":"4104","station_nm_eng":"Sinbanghwa","station_nm":"신방화","fr_code":"904"},
{"line_num":"9호선","station_cd":"4106","station_nm_eng":"Yangcheon Hyanggyo","station_nm":"양천향교","fr_code":"906"},
{"line_num":"9호선","station_cd":"4107","station_nm_eng":"Gayang","station_nm":"가양","fr_code":"907"},
{"line_num":"9호선","station_cd":"4108","station_nm_eng":"Jeungmi","station_nm":"증미","fr_code":"908"},
{"line_num":"9호선","station_cd":"4109","station_nm_eng":"Deungchon","station_nm":"등촌","fr_code":"909"},
{"line_num":"9호선","station_cd":"4112","station_nm_eng":"Seonyudo","station_nm":"선유도","fr_code":"912"},
{"line_num":"9호선","station_cd":"4113","station_nm_eng":"Dangsan","station_nm":"당산","fr_code":"913"},
{"line_num":"9호선","station_cd":"4114","station_nm_eng":"National Assembly","station_nm":"국회의사당","fr_code":"914"},
{"line_num":"9호선","station_cd":"4118","station_nm_eng":"Nodeul","station_nm":"노들","fr_code":"918"},
{"line_num":"9호선","station_cd":"4119","station_nm_eng":"Heukseok","station_nm":"흑석","fr_code":"919"},
{"line_num":"9호선","station_cd":"4120","station_nm_eng":"Dongjak","station_nm":"동작","fr_code":"920"},
{"line_num":"9호선","station_cd":"4121","station_nm_eng":"Gubanpo","station_nm":"구반포","fr_code":"921"},
{"line_num":"9호선","station_cd":"4125","station_nm_eng":"Sinnonhyeon","station_nm":"신논현","fr_code":"925"},
{"line_num":"9호선","station_cd":"4130","station_nm_eng":"Sports Complex","station_nm":"종합운동장","fr_code":"930"},
{"line_num":"9호선","station_cd":"4131","station_nm_eng":"Samjeon","station_nm":"삼전","fr_code":"931"},
{"line_num":"9호선","station_cd":"4132","station_nm_eng":"Seokchon Gobun","station_nm":"석촌고분","fr_code":"932"},
{"line_num":"9호선","station_cd":"4133","station_nm_eng":"Seokchon(Hansol Hospital)","station_nm":"석촌","fr_code":"933"},
{"line_num":"9호선","station_cd":"4134","station_nm_eng":"Songpanaru","station_nm":"송파나루","fr_code":"934"},
{"line_num":"9호선","station_cd":"4135","station_nm_eng":"Hanseong Baekje","station_nm":"한성백제","fr_code":"935"},
{"line_num":"용인경전철","station_cd":"4511","station_nm_eng":"Gimnyangjang","station_nm":"김량장","fr_code":"Y119"},
{"line_num":"용인경전철","station_cd":"4512","station_nm_eng":"Stadium, Songdam College","station_nm":"운동장.송담대","fr_code":"Y120"},
{"line_num":"용인경전철","station_cd":"4513","station_nm_eng":"Gojin","station_nm":"고진","fr_code":"Y121"},
{"line_num":"2호선","station_cd":"0241","station_nm_eng":"Ewha Womans Univ.","station_nm":"이대","fr_code":"241"},
{"line_num":"3호선","station_cd":"0322","station_nm_eng":"Dongguk Univ.","station_nm":"동대입구","fr_code":"332"},
{"line_num":"3호선","station_cd":"0323","station_nm_eng":"Yaksu","station_nm":"약수","fr_code":"333"},
{"line_num":"3호선","station_cd":"0324","station_nm_eng":"Geumho","station_nm":"금호","fr_code":"334"},
{"line_num":"3호선","station_cd":"0325","station_nm_eng":"Oksu","station_nm":"옥수","fr_code":"335"},
{"line_num":"3호선","station_cd":"0327","station_nm_eng":"Sinsa","station_nm":"신사","fr_code":"337"},
{"line_num":"3호선","station_cd":"0328","station_nm_eng":"Jamwon","station_nm":"잠원","fr_code":"338"},
{"line_num":"3호선","station_cd":"0331","station_nm_eng":"Nambu Bus Terminal","station_nm":"남부터미널","fr_code":"341"},
{"line_num":"3호선","station_cd":"0332","station_nm_eng":"Yangjae","station_nm":"양재","fr_code":"342"},
{"line_num":"3호선","station_cd":"0333","station_nm_eng":"Maebong","station_nm":"매봉","fr_code":"343"},
{"line_num":"3호선","station_cd":"0335","station_nm_eng":"Daechi","station_nm":"대치","fr_code":"345"},
{"line_num":"3호선","station_cd":"0336","station_nm_eng":"Hangnyeoul","station_nm":"학여울","fr_code":"346"},
{"line_num":"3호선","station_cd":"0340","station_nm_eng":"Garak Market","station_nm":"가락시장","fr_code":"350"},
{"line_num":"3호선","station_cd":"0341","station_nm_eng":"National Police Hospital","station_nm":"경찰병원","fr_code":"351"},
{"line_num":"4호선","station_cd":"0409","station_nm_eng":"Danggogae","station_nm":"당고개","fr_code":"409"},
{"line_num":"4호선","station_cd":"0410","station_nm_eng":"Sanggye","station_nm":"상계","fr_code":"410"},
{"line_num":"4호선","station_cd":"0414","station_nm_eng":"Suyu","station_nm":"수유","fr_code":"414"},
{"line_num":"용인경전철","station_cd":"4514","station_nm_eng":"Bopyeong","station_nm":"보평","fr_code":"Y123"},
{"line_num":"2호선","station_cd":"0221","station_nm_eng":"Yeoksam","station_nm":"역삼","fr_code":"221"},
{"line_num":"2호선","station_cd":"0242","station_nm_eng":"Ahyeon","station_nm":"아현","fr_code":"242"},
{"line_num":"2호선","station_cd":"0243","station_nm_eng":"Chungjeongno","station_nm":"충정로","fr_code":"243"},
{"line_num":"2호선","station_cd":"0244","station_nm_eng":"Yongdap","station_nm":"용답","fr_code":"211-1"},
{"line_num":"2호선","station_cd":"0246","station_nm_eng":"Sinseol-dong","station_nm":"신설동","fr_code":"211-4"},
{"line_num":"2호선","station_cd":"0247","station_nm_eng":"Dorimcheon","station_nm":"도림천","fr_code":"234-1"},
{"line_num":"2호선","station_cd":"0248","station_nm_eng":"Yangcheon-gu Office","station_nm":"양천구청","fr_code":"234-2"},
{"line_num":"2호선","station_cd":"0249","station_nm_eng":"Sinjeongnegeori","station_nm":"신정네거리","fr_code":"234-3"},
{"line_num":"3호선","station_cd":"0310","station_nm_eng":"Gupabal","station_nm":"구파발","fr_code":"320"},
{"line_num":"3호선","station_cd":"0311","station_nm_eng":"Yeonsinnae","station_nm":"연신내","fr_code":"321"},
{"line_num":"3호선","station_cd":"0312","station_nm_eng":"Bulgwang","station_nm":"불광","fr_code":"322"},
{"line_num":"3호선","station_cd":"0313","station_nm_eng":"Nokbeon","station_nm":"녹번","fr_code":"323"},
{"line_num":"3호선","station_cd":"0315","station_nm_eng":"Muakjae","station_nm":"무악재","fr_code":"325"},
{"line_num":"3호선","station_cd":"0317","station_nm_eng":"Gyeongbokgung","station_nm":"경복궁","fr_code":"327"},
{"line_num":"3호선","station_cd":"0318","station_nm_eng":"Anguk","station_nm":"안국","fr_code":"328"},
{"line_num":"3호선","station_cd":"0319","station_nm_eng":"Jongno 3(sam)-ga","station_nm":"종로3가","fr_code":"329"},
{"line_num":"3호선","station_cd":"0320","station_nm_eng":"Euljiro 3(sam)-ga","station_nm":"을지로3가","fr_code":"330"},
{"line_num":"2호선","station_cd":"0222","station_nm_eng":"Gangnam","station_nm":"강남","fr_code":"222"},
{"line_num":"2호선","station_cd":"0223","station_nm_eng":"Seoul Nat`l Univ. of Education","station_nm":"교대","fr_code":"223"},
{"line_num":"2호선","station_cd":"0224","station_nm_eng":"Seocho","station_nm":"서초","fr_code":"224"},
{"line_num":"2호선","station_cd":"0225","station_nm_eng":"Bangbae","station_nm":"방배","fr_code":"225"},
{"line_num":"2호선","station_cd":"0226","station_nm_eng":"Sadang","station_nm":"사당","fr_code":"226"},
{"line_num":"2호선","station_cd":"0227","station_nm_eng":"Nakseongdae","station_nm":"낙성대","fr_code":"227"},
{"line_num":"2호선","station_cd":"0228","station_nm_eng":"Seoul Nat`l Univ.","station_nm":"서울대입구","fr_code":"228"},
{"line_num":"2호선","station_cd":"0229","station_nm_eng":"Bongcheon","station_nm":"봉천","fr_code":"229"},
{"line_num":"2호선","station_cd":"0230","station_nm_eng":"Sillim","station_nm":"신림","fr_code":"230"},
{"line_num":"2호선","station_cd":"0232","station_nm_eng":"Guro Digital Complex","station_nm":"구로디지털단지","fr_code":"232"},
{"line_num":"2호선","station_cd":"0233","station_nm_eng":"Daerim","station_nm":"대림","fr_code":"233"},
{"line_num":"2호선","station_cd":"0234","station_nm_eng":"Sindorim","station_nm":"신도림","fr_code":"234"},
{"line_num":"2호선","station_cd":"0235","station_nm_eng":"Mullae","station_nm":"문래","fr_code":"235"},
{"line_num":"2호선","station_cd":"0236","station_nm_eng":"Yeongdeungpo-gu Office","station_nm":"영등포구청","fr_code":"236"},
{"line_num":"2호선","station_cd":"0237","station_nm_eng":"Dangsan","station_nm":"당산","fr_code":"237"},
{"line_num":"2호선","station_cd":"0238","station_nm_eng":"Hapjeong","station_nm":"합정","fr_code":"238"},
{"line_num":"2호선","station_cd":"0218","station_nm_eng":"Sports Complex","station_nm":"종합운동장","fr_code":"218"},
{"line_num":"2호선","station_cd":"0219","station_nm_eng":"Samseong","station_nm":"삼성","fr_code":"219"},
{"line_num":"2호선","station_cd":"0220","station_nm_eng":"Seolleung","station_nm":"선릉","fr_code":"220"},
{"line_num":"경의선","station_cd":"1014","station_nm_eng":"Cheongnyangni","station_nm":"청량리","fr_code":"K117"},
{"line_num":"1호선","station_cd":"1017","station_nm_eng":"Sinimun","station_nm":"신이문","fr_code":"121"},
{"line_num":"1호선","station_cd":"1021","station_nm_eng":"Nokcheon","station_nm":"녹천","fr_code":"117"},
{"line_num":"경의선","station_cd":"1012","station_nm_eng":"Eungbong","station_nm":"응봉","fr_code":"K115"},
{"line_num":"경의선","station_cd":"1208","station_nm_eng":"Deokso","station_nm":"덕소","fr_code":"K126"},
{"line_num":"경춘선","station_cd":"1324","station_nm_eng":"Gulbongsan","station_nm":"굴봉산","fr_code":"P135"},
{"line_num":"1호선","station_cd":"1704","station_nm_eng":"Seoksu","station_nm":"석수","fr_code":"P145"},
{"line_num":"경강선","station_cd":"1508","station_nm_eng":"Icheon","station_nm":"이천","fr_code":"K417"},
{"line_num":"1호선","station_cd":"1713","station_nm_eng":"Suwon","station_nm":"수원","fr_code":"P155"},
{"line_num":"1호선","station_cd":"1729","station_nm_eng":"Dangjeong","station_nm":"당정","fr_code":"P151"},
{"line_num":"1호선","station_cd":"1914","station_nm_eng":"Bosan","station_nm":"보산","fr_code":"102"},
{"line_num":"5호선","station_cd":"2518","station_nm_eng":"Hwagok","station_nm":"화곡","fr_code":"517"},
{"line_num":"5호선","station_cd":"2538","station_nm_eng":"Cheonggu","station_nm":"청구","fr_code":"537"},
{"line_num":"5호선","station_cd":"2540","station_nm_eng":"Haengdang","station_nm":"행당","fr_code":"539"},
{"line_num":"6호선","station_cd":"2648","station_nm_eng":"Bonghwasan","station_nm":"봉화산","fr_code":"647"},
{"line_num":"7호선","station_cd":"2711","station_nm_eng":"Jangam","station_nm":"장암","fr_code":"709"},
{"line_num":"7호선","station_cd":"2715","station_nm_eng":"Nowon","station_nm":"노원","fr_code":"713"},
{"line_num":"7호선","station_cd":"2722","station_nm_eng":"Sangbong","station_nm":"상봉","fr_code":"720"},
{"line_num":"7호선","station_cd":"2727","station_nm_eng":"Gunja","station_nm":"군자","fr_code":"725"},
{"line_num":"7호선","station_cd":"2735","station_nm_eng":"Banpo","station_nm":"반포","fr_code":"733"},
{"line_num":"7호선","station_cd":"2749","station_nm_eng":"Cheolsan","station_nm":"철산","fr_code":"747"},
{"line_num":"7호선","station_cd":"2746","station_nm_eng":"Daerim","station_nm":"대림","fr_code":"744"},
{"line_num":"8호선","station_cd":"2822","station_nm_eng":"Sanseong","station_nm":"산성","fr_code":"821"},
{"line_num":"인천2호선","station_cd":"3205","station_nm_eng":"Wanjeong","station_nm":"완정","fr_code":"I205"},
{"line_num":"인천2호선","station_cd":"3212","station_nm_eng":"Gajeong Jungang Market","station_nm":"가정중앙시장","fr_code":"I212"},
{"line_num":"인천2호선","station_cd":"3215","station_nm_eng":"Incheon Gajwa","station_nm":"인천가좌","fr_code":"I215"},
{"line_num":"인천2호선","station_cd":"3216","station_nm_eng":"Gajaeul","station_nm":"가재울","fr_code":"I216"},
{"line_num":"인천2호선","station_cd":"3217","station_nm_eng":"Juan National Industrial Complex","station_nm":"주안국가산단","fr_code":"I217"},
{"line_num":"인천2호선","station_cd":"3219","station_nm_eng":"Citizens Park","station_nm":"시민공원","fr_code":"I219"},
{"line_num":"인천2호선","station_cd":"3221","station_nm_eng":"Inchon City Hall","station_nm":"인천시청","fr_code":"I221"},
{"line_num":"인천2호선","station_cd":"3224","station_nm_eng":"Mansu","station_nm":"만수","fr_code":"I224"},
{"line_num":"인천2호선","station_cd":"3225","station_nm_eng":"Namdong-gu Office","station_nm":"남동구청","fr_code":"I225"},
{"line_num":"인천2호선","station_cd":"3226","station_nm_eng":"Incheon Grand Park","station_nm":"인천대공원","fr_code":"I226"},
{"line_num":"9호선","station_cd":"4103","station_nm_eng":"Airport Market","station_nm":"공항시장","fr_code":"903"},
{"line_num":"9호선","station_cd":"4105","station_nm_eng":"Magongnaru","station_nm":"마곡나루","fr_code":"905"},
{"line_num":"9호선","station_cd":"4129","station_nm_eng":"Bongeunsa","station_nm":"봉은사","fr_code":"929"},
{"line_num":"2호선","station_cd":"0205","station_nm_eng":"Dongdaemun History  Culture Park","station_nm":"동대문역사문화공원","fr_code":"205"},
{"line_num":"2호선","station_cd":"0206","station_nm_eng":"Sindang","station_nm":"신당","fr_code":"206"},
{"line_num":"인천2호선","station_cd":"3201","station_nm_eng":"Geomdan Oryu","station_nm":"검단오류","fr_code":"I201"},
{"line_num":"9호선","station_cd":"4110","station_nm_eng":"Yeomchang","station_nm":"염창","fr_code":"910"},
{"line_num":"9호선","station_cd":"4111","station_nm_eng":"Sinmokdong","station_nm":"신목동","fr_code":"911"},
{"line_num":"9호선","station_cd":"4115","station_nm_eng":"Yeouido","station_nm":"여의도","fr_code":"915"},
{"line_num":"9호선","station_cd":"4116","station_nm_eng":"Saetgang","station_nm":"샛강","fr_code":"916"},
{"line_num":"9호선","station_cd":"4117","station_nm_eng":"Noryangjin","station_nm":"노량진","fr_code":"917"},
{"line_num":"9호선","station_cd":"4122","station_nm_eng":"Sinbanpo","station_nm":"신반포","fr_code":"922"},
{"line_num":"9호선","station_cd":"4123","station_nm_eng":"Express Bus Terminal","station_nm":"고속터미널","fr_code":"923"},
{"line_num":"9호선","station_cd":"4124","station_nm_eng":"Sapyeong","station_nm":"사평","fr_code":"924"},
{"line_num":"9호선","station_cd":"4127","station_nm_eng":"Seonjeongneung","station_nm":"선정릉","fr_code":"927"},
{"line_num":"9호선","station_cd":"4128","station_nm_eng":"Samseong Jungang","station_nm":"삼성중앙","fr_code":"928"},
{"line_num":"9호선","station_cd":"4136","station_nm_eng":"Olympic Park","station_nm":"올림픽공원","fr_code":"936"},
{"line_num":"9호선","station_cd":"4137","station_nm_eng":"Dunchon Oryun","station_nm":"둔촌오륜","fr_code":"937"},
{"line_num":"공항철도","station_cd":"4204","station_nm_eng":"Digital Media City","station_nm":"디지털미디어시티","fr_code":"A04"},
{"line_num":"용인경전철","station_cd":"4502","station_nm_eng":"Kangnam Univ.","station_nm":"강남대","fr_code":"Y111"},
{"line_num":"용인경전철","station_cd":"4508","station_nm_eng":"Samga","station_nm":"삼가","fr_code":"Y116"},
{"line_num":"용인경전철","station_cd":"4509","station_nm_eng":"City Hall, Yongin Univ.","station_nm":"시청.용인대","fr_code":"Y117"},
{"line_num":"용인경전철","station_cd":"4510","station_nm_eng":"Myongji Univ.","station_nm":"명지대","fr_code":"Y118"},
{"line_num":"2호선","station_cd":"0207","station_nm_eng":"Sangwangsimni","station_nm":"상왕십리","fr_code":"207"},
{"line_num":"2호선","station_cd":"0208","station_nm_eng":"Wangsimni","station_nm":"왕십리","fr_code":"208"},
{"line_num":"2호선","station_cd":"0209","station_nm_eng":"Hanyang Univ.","station_nm":"한양대","fr_code":"209"},
{"line_num":"2호선","station_cd":"0210","station_nm_eng":"Ttukseom","station_nm":"뚝섬","fr_code":"210"},
{"line_num":"2호선","station_cd":"0211","station_nm_eng":"Seongsu","station_nm":"성수","fr_code":"211"},
{"line_num":"2호선","station_cd":"0212","station_nm_eng":"Konkuk Univ.","station_nm":"건대입구","fr_code":"212"},
{"line_num":"2호선","station_cd":"0213","station_nm_eng":"Guui","station_nm":"구의","fr_code":"213"},
{"line_num":"2호선","station_cd":"0214","station_nm_eng":"Gangbyeon","station_nm":"강변","fr_code":"214"},
{"line_num":"9호선","station_cd":"4138","station_nm_eng":"VHS Medical Center","station_nm":"중앙보훈병원","fr_code":"938"},
{"line_num":"공항철도","station_cd":"4201","station_nm_eng":"Seoul Station","station_nm":"서울","fr_code":"A01"},
{"line_num":"공항철도","station_cd":"4202","station_nm_eng":"Gongdeok","station_nm":"공덕","fr_code":"A02"},
{"line_num":"공항철도","station_cd":"4203","station_nm_eng":"Hongik Univ.","station_nm":"홍대입구","fr_code":"A03"},
{"line_num":"공항철도","station_cd":"4206","station_nm_eng":"Magongnaru","station_nm":"마곡나루","fr_code":"A042"},
{"line_num":"용인경전철","station_cd":"4503","station_nm_eng":"Jiseok","station_nm":"지석","fr_code":"Y112"},
{"line_num":"용인경전철","station_cd":"4504","station_nm_eng":"Eojeong","station_nm":"어정","fr_code":"Y113"},
{"line_num":"용인경전철","station_cd":"4505","station_nm_eng":"Dongbaek","station_nm":"동백","fr_code":"Y114"},
{"line_num":"용인경전철","station_cd":"4506","station_nm_eng":"Chodang","station_nm":"초당","fr_code":"Y115"},
{"line_num":"용인경전철","station_cd":"4515","station_nm_eng":"Dunjeon","station_nm":"둔전","fr_code":"Y125"},
{"line_num":"용인경전철","station_cd":"4517","station_nm_eng":"Jeondae, Everland","station_nm":"전대.에버랜드","fr_code":"Y126"},
{"line_num":"의정부경전철","station_cd":"4601","station_nm_eng":"Balgok","station_nm":"발곡","fr_code":"U110"},
{"line_num":"의정부경전철","station_cd":"4602","station_nm_eng":"Hoeryong","station_nm":"회룡","fr_code":"U111"},
{"line_num":"의정부경전철","station_cd":"4603","station_nm_eng":"Beomgol","station_nm":"범골","fr_code":"U112"},
{"line_num":"의정부경전철","station_cd":"4604","station_nm_eng":"Lrt Uijeongbu","station_nm":"경전철의정부","fr_code":"U113"},
{"line_num":"공항철도","station_cd":"4207","station_nm_eng":"Gimpo Intl. Airport","station_nm":"김포공항","fr_code":"A05"},
{"line_num":"공항철도","station_cd":"4208","station_nm_eng":"Gyeyang","station_nm":"계양","fr_code":"A06"},
{"line_num":"공항철도","station_cd":"4209","station_nm_eng":"Geomam","station_nm":"검암","fr_code":"A07"},
{"line_num":"공항철도","station_cd":"4210","station_nm_eng":"Cheongna Int’l City Station","station_nm":"청라국제도시","fr_code":"A071"},
{"line_num":"공항철도","station_cd":"4211","station_nm_eng":"Unseo","station_nm":"운서","fr_code":"A08"},
{"line_num":"공항철도","station_cd":"4212","station_nm_eng":"Incheon Intl. Airport Cargo Terminal","station_nm":"공항화물청사","fr_code":"A09"},
{"line_num":"공항철도","station_cd":"4213","station_nm_eng":"Incheon Intl. Airport","station_nm":"인천공항1터미널","fr_code":"A10"},
{"line_num":"공항철도","station_cd":"4215","station_nm_eng":"Incheon Int’l Airport Terminal 2","station_nm":"인천공항2터미널","fr_code":"A11"},
{"line_num":"공항철도","station_cd":"4217","station_nm_eng":"Yeongjong","station_nm":"영종","fr_code":"A072"},
{"line_num":"신분당선","station_cd":"4313","station_nm_eng":"Migeum","station_nm":"미금","fr_code":"D13"},
{"line_num":"신분당선","station_cd":"4314","station_nm_eng":"Dongcheon","station_nm":"동천","fr_code":"D14"},
{"line_num":"신분당선","station_cd":"4315","station_nm_eng":"Suji-gu office","station_nm":"수지구청","fr_code":"D15"},
{"line_num":"신분당선","station_cd":"4319","station_nm_eng":"Gwanggyo","station_nm":"광교","fr_code":"D19"},
{"line_num":"용인경전철","station_cd":"4501","station_nm_eng":"Giheung","station_nm":"기흥","fr_code":"Y110"},
{"line_num":"의정부경전철","station_cd":"4605","station_nm_eng":"Uijeongbu City Hall","station_nm":"의정부시청","fr_code":"U114"},
{"line_num":"의정부경전철","station_cd":"4606","station_nm_eng":"Heungseon","station_nm":"흥선","fr_code":"U115"},
{"line_num":"우이신설경전철","station_cd":"4706","station_nm_eng":"Samyang","station_nm":"삼양","fr_code":"946"},
{"line_num":"의정부경전철","station_cd":"4607","station_nm_eng":"Uijeongbu Jung-ang","station_nm":"의정부중앙","fr_code":"U117"},
{"line_num":"의정부경전철","station_cd":"4608","station_nm_eng":"Dong-o","station_nm":"동오","fr_code":"U118"},
{"line_num":"의정부경전철","station_cd":"4609","station_nm_eng":"sae-mal","station_nm":"새말","fr_code":"U119"},
{"line_num":"의정부경전철","station_cd":"4610","station_nm_eng":"Gyeonggi Provincial Government Northern Office","station_nm":"경기도청북부청사","fr_code":"U120"},
{"line_num":"의정부경전철","station_cd":"4611","station_nm_eng":"hyoja","station_nm":"효자","fr_code":"U121"},
{"line_num":"의정부경전철","station_cd":"4612","station_nm_eng":"gonjae","station_nm":"곤제","fr_code":"U122"},
{"line_num":"의정부경전철","station_cd":"4613","station_nm_eng":"eoryong","station_nm":"어룡","fr_code":"U123"},
{"line_num":"의정부경전철","station_cd":"4614","station_nm_eng":"Songsan","station_nm":"송산","fr_code":"U124"},
{"line_num":"의정부경전철","station_cd":"4615","station_nm_eng":"Tapseok","station_nm":"탑석","fr_code":"U125"},
{"line_num":"우이신설경전철","station_cd":"4701","station_nm_eng":"Bukhansan Ui","station_nm":"북한산우이","fr_code":"941"},
{"line_num":"우이신설경전철","station_cd":"4702","station_nm_eng":"Solbat Park","station_nm":"솔밭공원","fr_code":"942"},
{"line_num":"우이신설경전철","station_cd":"4703","station_nm_eng":"April 19th National Cemetery","station_nm":"4·19민주묘지","fr_code":"943"},
{"line_num":"우이신설경전철","station_cd":"4704","station_nm_eng":"Gaori","station_nm":"가오리","fr_code":"944"},
{"line_num":"우이신설경전철","station_cd":"4705","station_nm_eng":"Hwagye","station_nm":"화계","fr_code":"945"},
{"line_num":"우이신설경전철","station_cd":"4707","station_nm_eng":"Samyang Sageori","station_nm":"삼양사거리","fr_code":"947"},
{"line_num":"우이신설경전철","station_cd":"4708","station_nm_eng":"Solsaem","station_nm":"솔샘","fr_code":"948"},
{"line_num":"우이신설경전철","station_cd":"4709","station_nm_eng":"Bukhansan Bogungmun","station_nm":"북한산보국문","fr_code":"949"},
{"line_num":"우이신설경전철","station_cd":"4710","station_nm_eng":"Jeongneung","station_nm":"정릉","fr_code":"950"},
{"line_num":"1호선","station_cd":"1020","station_nm_eng":"Wolgye","station_nm":"월계","fr_code":"118"},
{"line_num":"경의선","station_cd":"1263","station_nm_eng":"Sogang Univ.","station_nm":"서강대","fr_code":"K313"},
{"line_num":"신분당선","station_cd":"4307","station_nm_eng":"Gangnam","station_nm":"강남","fr_code":"D7"},
{"line_num":"신분당선","station_cd":"4308","station_nm_eng":"Yangjae","station_nm":"양재","fr_code":"D8"},
{"line_num":"신분당선","station_cd":"4309","station_nm_eng":"Yangjae Citizen's Forest","station_nm":"양재시민의숲","fr_code":"D9"},
{"line_num":"신분당선","station_cd":"4310","station_nm_eng":"Cheonggyesan","station_nm":"청계산입구","fr_code":"D10"},
{"line_num":"신분당선","station_cd":"4311","station_nm_eng":"Pangyo","station_nm":"판교","fr_code":"D11"},
{"line_num":"신분당선","station_cd":"4312","station_nm_eng":"Jeongja","station_nm":"정자","fr_code":"D12"},
{"line_num":"경춘선","station_cd":"1307","station_nm_eng":"Hoegi","station_nm":"회기","fr_code":"P118"},
{"line_num":"1호선","station_cd":"1720","station_nm_eng":"Jinwi","station_nm":"진위","fr_code":"P161"},
{"line_num":"1호선","station_cd":"0151","station_nm_eng":"City Hall","station_nm":"시청","fr_code":"132"},
{"line_num":"1호선","station_cd":"0152","station_nm_eng":"Jonggak","station_nm":"종각","fr_code":"131"},
{"line_num":"경의선","station_cd":"100C","station_nm_eng":"Yongsan","station_nm":"용산","fr_code":"K110"},
{"line_num":"1호선","station_cd":"0154","station_nm_eng":"Jongno 5(o)-ga","station_nm":"종로5가","fr_code":"129"},
{"line_num":"1호선","station_cd":"0155","station_nm_eng":"Dongdaemun","station_nm":"동대문","fr_code":"128"},
{"line_num":"1호선","station_cd":"0156","station_nm_eng":"Sinseol-dong","station_nm":"신설동","fr_code":"126"},
{"line_num":"1호선","station_cd":"0157","station_nm_eng":"Jegi-dong","station_nm":"제기동","fr_code":"125"},
{"line_num":"1호선","station_cd":"0158","station_nm_eng":"Cheongnyangni","station_nm":"청량리","fr_code":"124"},
{"line_num":"1호선","station_cd":"0159","station_nm_eng":"Dongmyo","station_nm":"동묘앞","fr_code":"127"},
{"line_num":"2호선","station_cd":"0200","station_nm_eng":"Kkachisan","station_nm":"까치산","fr_code":"234-4"},
{"line_num":"1호선","station_cd":"0153","station_nm_eng":"Jongno 3(sam)-ga","station_nm":"종로3가","fr_code":"130"},
{"line_num":"4호선","station_cd":"1451","station_nm_eng":"Seoul Racecourse Park","station_nm":"경마공원","fr_code":"436"},
{"line_num":"4호선","station_cd":"1452","station_nm_eng":"Seoul Grand Park","station_nm":"대공원","fr_code":"437"},
{"line_num":"4호선","station_cd":"1453","station_nm_eng":"Gwacheon","station_nm":"과천","fr_code":"438"},
{"line_num":"4호선","station_cd":"1454","station_nm_eng":"Government Complex Gwacheon","station_nm":"정부과천청사","fr_code":"439"},
{"line_num":"4호선","station_cd":"1455","station_nm_eng":"Indeogwon","station_nm":"인덕원","fr_code":"440"},
{"line_num":"4호선","station_cd":"1456","station_nm_eng":"Pyeongchon","station_nm":"평촌","fr_code":"441"},
{"line_num":"4호선","station_cd":"1457","station_nm_eng":"Beomgye","station_nm":"범계","fr_code":"442"},
{"line_num":"4호선","station_cd":"1458","station_nm_eng":"Geumjeong","station_nm":"금정","fr_code":"443"},
{"line_num":"경강선","station_cd":"1501","station_nm_eng":"Pangyo","station_nm":"판교","fr_code":"K410"},
{"line_num":"경강선","station_cd":"1502","station_nm_eng":"Imae","station_nm":"이매","fr_code":"K411"},
{"line_num":"경강선","station_cd":"1503","station_nm_eng":"Samdong","station_nm":"삼동","fr_code":"K412"},
{"line_num":"경강선","station_cd":"1504","station_nm_eng":"GyeonggiGwangju","station_nm":"경기광주","fr_code":"K413"},
{"line_num":"경강선","station_cd":"1505","station_nm_eng":"Chowol","station_nm":"초월","fr_code":"K414"},
{"line_num":"경강선","station_cd":"1506","station_nm_eng":"Gonjiam","station_nm":"곤지암","fr_code":"K415"},
{"line_num":"3호선","station_cd":"1951","station_nm_eng":"Wondang","station_nm":"원당","fr_code":"316"},
{"line_num":"경강선","station_cd":"1509","station_nm_eng":"Bubal","station_nm":"부발","fr_code":"K418"},
{"line_num":"6호선","station_cd":"2620","station_nm_eng":"World Cup Stadium","station_nm":"월드컵경기장","fr_code":"619"},
{"line_num":"6호선","station_cd":"2621","station_nm_eng":"Mapo-gu Office","station_nm":"마포구청","fr_code":"620"},
{"line_num":"분당선","station_cd":"1862","station_nm_eng":"Jukjeon","station_nm":"죽전","fr_code":"K233"},
{"line_num":"1호선","station_cd":"0150","station_nm_eng":"Seoul Station","station_nm":"서울","fr_code":"133"},
{"line_num":"7호선","station_cd":"2752","station_nm_eng":"Onsu","station_nm":"온수","fr_code":"750"},
{"line_num":"7호선","station_cd":"2753","station_nm_eng":"Kkachiul","station_nm":"까치울","fr_code":"751"},
{"line_num":"7호선","station_cd":"2754","station_nm_eng":"Bucheon Stadium","station_nm":"부천종합운동장","fr_code":"752"},
{"line_num":"7호선","station_cd":"2755","station_nm_eng":"Chunui","station_nm":"춘의","fr_code":"753"},
{"line_num":"7호선","station_cd":"2756","station_nm_eng":"Sinjung-dong","station_nm":"신중동","fr_code":"754"},
{"line_num":"7호선","station_cd":"2757","station_nm_eng":"Bucheon City Hall","station_nm":"부천시청","fr_code":"755"},
{"line_num":"7호선","station_cd":"2758","station_nm_eng":"Sang-dong","station_nm":"상동","fr_code":"756"},
{"line_num":"9호선","station_cd":"4126","station_nm_eng":"Eonju","station_nm":"언주","fr_code":"926"},
{"line_num":"우이신설경전철","station_cd":"4711","station_nm_eng":"Sungshin Women`s Univ.","station_nm":"성신여대입구","fr_code":"951"},
{"line_num":"우이신설경전철","station_cd":"4712","station_nm_eng":"Bomun","station_nm":"보문","fr_code":"952"},
{"line_num":"우이신설경전철","station_cd":"4713","station_nm_eng":"Sinseol-dong","station_nm":"신설동","fr_code":"953"},
{"line_num":"서해선","station_cd":"4804","station_nm_eng":"Sosa","station_nm":"소사","fr_code":"841"},
{"line_num":"서해선","station_cd":"4805","station_nm_eng":"Sosaeul","station_nm":"소새울","fr_code":"842"},
{"line_num":"서해선","station_cd":"4806","station_nm_eng":"Siheung Daeya","station_nm":"시흥대야","fr_code":"843"},
{"line_num":"서해선","station_cd":"4807","station_nm_eng":"Sincheon","station_nm":"신천","fr_code":"844"},
{"line_num":"서해선","station_cd":"4808","station_nm_eng":"Sinhyeon","station_nm":"신현","fr_code":"845"},
{"line_num":"서해선","station_cd":"4809","station_nm_eng":"Siheung City Hall","station_nm":"시흥시청","fr_code":"846"},
{"line_num":"서해선","station_cd":"4810","station_nm_eng":"Siheung Neunggok","station_nm":"시흥능곡","fr_code":"847"},
{"line_num":"서해선","station_cd":"4811","station_nm_eng":"Dalmi","station_nm":"달미","fr_code":"848"},
{"line_num":"서해선","station_cd":"4812","station_nm_eng":"Seonbu","station_nm":"선부","fr_code":"849"},
{"line_num":"서해선","station_cd":"4813","station_nm_eng":"Choji","station_nm":"초지","fr_code":"850"},
{"line_num":"서해선","station_cd":"4814","station_nm_eng":"Wongok","station_nm":"원곡","fr_code":"701"},
{"line_num":"서해선","station_cd":"4815","station_nm_eng":"Wonsi","station_nm":"원시","fr_code":"702"},
{"line_num":"4호선","station_cd":"0430","station_nm_eng":"Ichon","station_nm":"이촌","fr_code":"430"},
{"line_num":"분당선","station_cd":"1846","station_nm_eng":"Suwon","station_nm":"수원","fr_code":"K245"},
{"line_num":"신분당선","station_cd":"4316","station_nm_eng":"Seongbok","station_nm":"성복","fr_code":"D16"},
{"line_num":"경의선","station_cd":"0300","station_nm_eng":"Daegok","station_nm":"대곡","fr_code":"K322"},
{"line_num":"경춘선","station_cd":"1325","station_nm_eng":"Baegyang-ri","station_nm":"백양리","fr_code":"P136"},
{"line_num":"신분당선","station_cd":"4317","station_nm_eng":"Sanghyeon","station_nm":"상현","fr_code":"D17"},
{"line_num":"신분당선","station_cd":"4318","station_nm_eng":"GwanggyoJungang","station_nm":"광교중앙","fr_code":"D18"},
{"line_num":"경의선","station_cd":"101C","station_nm_eng":"Hoegi","station_nm":"회기","fr_code":"K118"},
{"line_num":"경의선","station_cd":"1265","station_nm_eng":"Gajwa","station_nm":"가좌","fr_code":"K315"}
]
}